제품명,기종,재질,스트랩 규격,체결 형태,색상,이미지,원본탭
듀오 매트 그레인 마그넷 링크 실리콘 스트랩 14mm,공용,실리콘,14mm,마그네틱,,,기종별 일반형 14mm
오리진 실리콘 스트랩 18mm,공용,패브릭,18mm,벨크로,,,기종별 일반형 18mm
새들 스티치 포우 레더 스트랩 18mm,공용,가죽,18mm,버클,,,기종별 일반형 18mm
모노 스트랩 (스포츠루프),공용,패브릭,20mm,벨크로,,,기종별 일반형 20mm
풀탭 스포츠루프 스트랩,공용,패브릭,20mm,벨크로,,,기종별 일반형 20mm
마일드 트레일 루프 스트랩,공용,패브릭,20mm,루프,,,기종별 일반형 20mm
후크형 트레일 패브릭 나일론 스트랩,공용,패브릭,20mm,,,,기종별 일반형 20mm
알파인 스트랩,공용,패브릭,20mm,,,,기종별 일반형 20mm
후크 투톤 패브릭 나일론 스트랩 (*구 알파인 루프 스트랩 리뉴얼 형),공용,패브릭,20mm,루프,,,기종별 일반형 20mm
브레이드 스트랩 ( 기존 25 컬러),공용,패브릭,20mm,브레이드,,,기종별 일반형 20mm
브레이드 스트랩 ( 신규 12 컬러),공용,패브릭,20mm,브레이드,,,기종별 일반형 20mm
마그넷 루프 *플라스틱,공용,패브릭,20mm,마그네틱,,,기종별 일반형 20mm
(버클형)마그넷 브레이드 스트랩,공용,패브릭,20mm,마그네틱,,,기종별 일반형 20mm
버클형 파스텔 스트랩,공용,패브릭,20mm,버클,,,기종별 일반형 20mm
버클 브레이드 스트랩,공용,패브릭,20mm,브레이드,,,기종별 일반형 20mm
니트 스트랩,공용,패브릭,20mm,,,,기종별 일반형 20mm
프리미엄 마그네틱 버클형 브레이드 스트랩,공용,패브릭,20mm,마그네틱,,,기종별 일반형 20mm
나토 밴드,공용,패브릭,20mm,나토,,,기종별 일반형 20mm
베이직 실리콘 스트랩,공용,실리콘,20mm,,,,기종별 일반형 20mm
버튼 베이직 실리콘 스트랩,공용,실리콘,20mm,버튼,,,기종별 일반형 20mm
스포티 실리콘 스트랩,공용,실리콘,20mm,,,,기종별 일반형 20mm
버튼형 스포티 스트랩,공용,실리콘,20mm,버튼,,,기종별 일반형 20mm
어반 실리콘 스트랩,공용,실리콘,20mm,,,,기종별 일반형 20mm
디버클 마그네틱 실리콘 스트랩,공용,실리콘,20mm,마그네틱,,,기종별 일반형 20mm
소프트 마그넷 링크 실리콘 스트랩,공용,실리콘,20mm,마그네틱,,,기종별 일반형 20mm
와플 패턴 실리콘 스트랩,공용,실리콘,20mm,,,,기종별 일반형 20mm
스트릿 엣지 실리콘 스트랩,공용,실리콘,20mm,,,,기종별 일반형 20mm
디버클 블랜드 투톤 실리콘 스트랩,공용,실리콘,20mm,마그네틱,,,기종별 일반형 20mm
디버틀 오션 실리콘 스트랩,공용,실리콘,20mm,,,,기종별 일반형 20mm
메탈 스트랩,공용,메탈,20mm,,,,기종별 일반형 20mm
버클형 슬림 메탈 밀레니즈 스트랩,공용,메탈,20mm,버클,,,기종별 일반형 20mm
일반형 디버클 마그네틱 메탈 스트랩,공용,메탈,20mm,마그네틱,"블랙,실버,골드,로즈골드,로즈핑크,크림",,기종별 일반형 20mm
스틸 스트랩,공용,메탈,20mm,,,,기종별 일반형 20mm
슬림 스틸 스트랩,공용,메탈,20mm,,,images/03_32.jpg,기종별 일반형 20mm
쥬빌레 메탈 스트랩,공용,메탈,20mm,,,,기종별 일반형 20mm
큐빅 글리터 메탈 스트랩,공용,메탈,20mm,,,,기종별 일반형 20mm
체인 큐빅 스트랩,공용,메탈,20mm,,,,기종별 일반형 20mm
체인 스틸 스트랩,공용,메탈,20mm,,,,기종별 일반형 20mm
헤링본 큐빅 메탈 스트랩,공용,메탈,20mm,,,,기종별 일반형 20mm
샤인 큐빅 메탈 스트랩,공용,메탈,20mm,,,images/03_38.jpg,기종별 일반형 20mm
샤인 큐빅 슬림 브레이슬릿 스트랩,공용,메탈,20mm,,,,기종별 일반형 20mm
샤인 큐빅 트리플 메탈 스트랩,공용,메탈,20mm,,,,기종별 일반형 20mm
더블 라인 큐빅 메탈 스트랩,공용,메탈,20mm,,,,기종별 일반형 20mm
스퀘어 체인 메탈 스트랩,공용,메탈,20mm,,,,기종별 일반형 20mm
싱글 체인 레더 스트랩,공용,가죽,20mm,,,,기종별 일반형 20mm
레더 체인 스틸 스트랩,공용,가죽,20mm,,,,기종별 일반형 20mm
일반형 싱글 투어 가죽 스트랩,공용,가죽,20mm,,,,기종별 일반형 20mm
슬림 레더 가죽 스트랩,공용,가죽,20mm,,,,기종별 일반형 20mm
디버클 슬림 레더 가죽 스트랩,공용,가죽,20mm,마그네틱,,,기종별 일반형 20mm
모던 레더 가죽 스트랩,공용,가죽,20mm,,,,기종별 일반형 20mm
빈티지 레더 가죽 스트랩,공용,가죽,20mm,,,,기종별 일반형 20mm
가죽 링크 스트랩,공용,가죽,20mm,,,,기종별 일반형 20mm
코도반 가죽 레더 스트랩,공용,가죽,20mm,,,,기종별 일반형 20mm
컴포트 핏 버클 나일론 실리콘 스트랩,공용,실리콘,20mm,버클,,,기종별 일반형 20mm
모노핏 프리미엄 마그네틱 버클 나일론 스트랩,공용,패브릭,20mm,디버클(마그네틱),,images/03_53.jpg,기종별 일반형 20mm
에어핏 스포츠 버튼 투톤 실리콘 스트랩,공용,실리콘,20mm,버튼,,images/03_54.jpg,기종별 일반형 20mm
블랙 버클 펀칭 실리콘 스트랩,공용,실리콘,20mm,버클,,images/03_55.jpg,기종별 일반형 20mm
에어 위브 프리미엄 마그네틱 버클 나일론 스트랩,공용,나일론,20mm,마그네틱,,images/03_56.jpg,기종별 일반형 20mm
에어 슬로프 밸크로 패브릭 나일론 스트랩,공용,나일론,20mm,벨크로,,images/03_57.jpg,기종별 일반형 20mm
포우 레더 메탈 버클 마그넷 링크 스트랩,공용,가죽,20mm,마그네틱,,images/03_58.jpg,기종별 일반형 20mm
투톤 베이직 실리콘 스트랩,공용,실리콘,20mm,버클,,images/03_59.jpg,기종별 일반형 20mm
스무스 릿지 실리콘 스트랩,공용,실리콘,20mm,버클,,images/03_60.jpg,기종별 일반형 20mm
퓨어 글리터 젤리 투명 스트랩,공용,TPU,20mm,버클,,images/03_61.jpg,기종별 일반형 20mm
크로코 클래식 포우 레더 스트랩,공용,가죽,20mm,버클,,images/03_62.jpg,기종별 일반형 20mm
스퍼트 투톤 버클 실리콘 스트랩,공용,실리콘,20mm,버클,,images/03_63.jpg,기종별 일반형 20mm
트위스트 체인 메탈 스트랩,공용,메탈,20mm,체인,,images/03_64.jpg,기종별 일반형 20mm
러너 스피드 실리콘 스트랩,공용,실리콘,20mm,,,images/03_65.jpg,기종별 일반형 20mm
매트 그레인 마그넷 링크 실리콘 스트랩 20mm,공용,실리콘,20mm,마그네틱,,images/03_66.jpg,기종별 일반형 20mm
듀오 매트 그레인 마그넷 링크 실리콘 스트랩 20mm,공용,실리콘,20mm,마그네틱,,images/03_67.jpg,기종별 일반형 20mm
하트 캔디 팝 비즈 스트랩 20mm,공용,비즈,20mm,,,images/03_68.jpg,기종별 일반형 20mm
스트라이프 엣지 마그넷 링크 실리콘 스트랩 20mm,공용,실리콘,20mm,마그네틱,,images/03_69.jpg,기종별 일반형 20mm
데님 스티치 하이브리드 디버클 나일론 실리콘 스트랩 20mm,공용,실리콘,20mm,디버클(마그네틱),,images/03_70.jpg,기종별 일반형 20mm
듀오링 스포츠 나일론 스트랩 (*기종별),공용,패브릭,20mm,,,images/03_71.jpg,기종별 일반형 20mm
투명 크리스탈 스트랩 20mm,공용,PC,20mm,,,,기종별 일반형 20mm
투톤 펀칭 실리콘 스트랩 22mm,공용,실리콘,20mm,,,,기종별 일반형 20mm
베이직 실리콘 스트랩,공용,실리콘,22mm,,,,기종별 일반형 22mm
버튼 베이직 실리콘 스트랩,공용,실리콘,22mm,버튼,,images/04_3.jpg,기종별 일반형 22mm
버튼 스포티 스트랩,공용,실리콘,22mm,버튼,,images/04_4.jpg,기종별 일반형 22mm
디버클 마그네틱 스포티 실리콘 스트랩,공용,실리콘,22mm,디버클(마그네틱),,images/04_5.jpg,기종별 일반형 22mm
어반 실리콘 스트랩,공용,실리콘,22mm,,,images/04_6.jpg,기종별 일반형 22mm
디버클 마그네틱 실리콘 스트랩,공용,실리콘,22mm,디버클(마그네틱),,images/04_7.jpg,기종별 일반형 22mm
펀칭 실리콘 스트랩 (*실버 버클),공용,실리콘,22mm,버클,,images/04_8.jpg,기종별 일반형 22mm
와플 패턴 실리콘 스트랩,공용,실리콘,22mm,,,images/04_9.jpg,기종별 일반형 22mm
스트릿 엣지 실리콘 스트랩,공용,실리콘,22mm,,,images/04_10.jpg,기종별 일반형 22mm
소프트 마그넷 링크 실리콘 스트랩,공용,실리콘,22mm,마그네틱,,images/04_11.jpg,기종별 일반형 22mm
디버클 블랜드 투톤 실리콘 스트랩,공용,실리콘,22mm,디버클(마그네틱),,images/04_12.jpg,기종별 일반형 22mm
디버클 오션 실리콘 스트랩,공용,실리콘,22mm,디버클(마그네틱),,images/04_13.jpg,기종별 일반형 22mm
모노 스트랩 (스포츠루프),공용,패브릭,22mm,스포츠루프,,images/04_14.jpg,기종별 일반형 22mm
브레이드 스트랩,공용,패브릭,22mm,브레이드,,images/04_15.jpg,기종별 일반형 22mm
마그넷 브레이드,공용,패브릭,22mm,마그네틱,,images/04_16.jpg,기종별 일반형 22mm
버클 브레이드 스트랩,공용,패브릭,22mm,브레이드,,images/04_17.jpg,기종별 일반형 22mm
마그넷 루프 스트랩,공용,패브릭,22mm,마그네틱,,images/04_18.jpg,기종별 일반형 22mm
니트 스트랩,공용,패브릭,22mm,,,images/04_19.jpg,기종별 일반형 22mm
스트래치 나일론 스트랩,공용,패브릭,22mm,,,images/04_20.jpg,기종별 일반형 22mm
풀텝 스포츠루프,공용,패브릭,22mm,스포츠루프,,images/04_21.jpg,기종별 일반형 22mm
후크형 트레일 패브릭 나일론 스트랩,공용,패브릭,22mm,,,images/04_22.jpg,기종별 일반형 22mm
메탈 스트랩,공용,메탈,22mm,,,images/04_23.jpg,기종별 일반형 22mm
(버클) 슬림 메탈 스트랩,공용,메탈,22mm,버클,,images/04_24.jpg,기종별 일반형 22mm
일반형 디버클 마그네틱 메탈 스트랩,공용,메탈,22mm,디버클(마그네틱),,images/04_25.jpg,기종별 일반형 22mm
스틸 스트랩 (*구버전),공용,스틸,22mm,,,images/04_26.jpg,기종별 일반형 22mm
알파 프레스티지 스틸 스트랩 (*스틸 스트랩의 신 버전),공용,스틸,22mm,,,images/04_27.jpg,기종별 일반형 22mm
슬림 스틸 스트랩,공용,메탈,22mm,,,,기종별 일반형 22mm
쥬빌레 스틸 스트랩,공용,메탈,22mm,,,images/04_29.jpg,기종별 일반형 22mm
체인 스틸 스트랩,공용,메탈,22mm,,,images/04_30.jpg,기종별 일반형 22mm
싱글 체인 레더 스트랩,공용,가죽,22mm,,,images/04_31.jpg,기종별 일반형 22mm
레더 체인 스틸 스트랩,공용,가죽,22mm,,,images/04_32.jpg,기종별 일반형 22mm
샤인 큐빅 메탈 스트랩,공용,메탈,22mm,,,images/04_33.jpg,기종별 일반형 22mm
샤인 큐빅 트리플 스트랩,공용,메탈,22mm,,,images/04_34.jpg,기종별 일반형 22mm
샤인 큐빅 슬림 브레이슬릿 스트랩,공용,가죽,22mm,,,images/04_35.jpg,기종별 일반형 22mm
싱글 투어 레더 스트랩,공용,가죽,22mm,,,images/04_36.jpg,기종별 일반형 22mm
슬림 레더 스트랩,공용,가죽,22mm,,,images/04_37.jpg,기종별 일반형 22mm
빈티지 레더 스트랩,공용,가죽,22mm,,,images/04_38.jpg,기종별 일반형 22mm
마그네틱 디버클 슬림 레더 스트랩,공용,가죽,22mm,디버클(마그네틱),,images/04_39.jpg,기종별 일반형 22mm
코도반 가죽 레더 스트랩,공용,가죽,22mm,,,images/04_40.jpg,기종별 일반형 22mm
컴포트 핏 버클 나일론 실리콘 스트랩 22mm,공용,나일론,22mm,버클,,images/04_41.jpg,기종별 일반형 22mm
컴포트 핏 디버클 나일론 실리콘 스트랩 22mm,공용,나일론,22mm,디버클(마그네틱),,images/04_42.jpg,기종별 일반형 22mm
모노핏 프리미엄 마그네틱 버클 나일론 스트랩,공용,나일론,22mm,마그네틱,,images/04_43.jpg,기종별 일반형 22mm
브리즈 포우 레더 스트랩,공용,가죽,22mm,,,,기종별 일반형 22mm
에어 위브 프리미엄 마그네틱 버클 나일론 스트랩,공용,나일론,22mm,마그네틱,,images/04_45.jpg,기종별 일반형 22mm
에어 슬로프 밸크로 패브릭 나일론 스트랩,공용,패브릭,22mm,벨크로,,images/04_46.jpg,기종별 일반형 22mm
러너 스피드 실리콘 스트랩 (*570의 정품 디자인 호환),공용,실리콘,22mm,,,images/04_47.jpg,기종별 일반형 22mm
포우 레더 메탈 버클 마그넷 링크 스트랩 22mm,공용,가죽,22mm,마그네틱,,images/04_48.jpg,기종별 일반형 22mm
에어핏 스포츠 버튼 투톤 실리콘 스트랩,공용,실리콘,22mm,버튼,,images/04_49.jpg,기종별 일반형 22mm
크로코 클래식 포우 레더 스트랩,공용,가죽,22mm,,"블랙, 미드나잇블루, 래드, 핑크, 화이트,브라운, 초코브라운",,기종별 일반형 22mm
투톤 베이직 실리콘 스트랩,공용,실리콘,22mm,,,images/04_51.jpg,기종별 일반형 22mm
퓨어 글리터 젤리 투명 스트랩 22mm,공용,TPU,22mm,,,images/04_52.jpg,기종별 일반형 22mm
스퍼트 투톤 버클 실리콘 스트랩 22mm,공용,실리콘,22mm,버클,"블랙그레이, 미드나잇화이트, 화이트블랙 불랙옐로우, 레드블랙, 카키블랙 민트미드나잇, 라임블랙",images/04_53.jpg,기종별 일반형 22mm
플렉서블 링크 프레스티지 티타늄 스트랩 22mm,공용,티타늄,22mm,,"블랙,실버 티타늄,그레이티타늄",images/04_54.jpg,기종별 일반형 22mm
플렉서블 링크 프레스티지 스틸 스트랩 22mm,공용,스틸,22mm,,,images/04_55.jpg,기종별 일반형 22mm
후크 투톤 패브릭 나일론 스트랩 22mm (*구 알파인루프 디자인),공용,패브릭,22mm,루프,🔴 4컬러 미입고,images/04_56.jpg,기종별 일반형 22mm
듀얼 쉐이드 마그네틱 실리콘 스트랩 22mm,공용,실리콘,22mm,마그네틱,,images/04_57.jpg,기종별 일반형 22mm
오션 실리콘 스트랩 22mm,공용,실리콘,22mm,,,,기종별 일반형 22mm
런 스플릿 투톤 실리콘 스트랩 22mm,공용,실리콘,22mm,,,images/04_59.jpg,기종별 일반형 22mm
에어 그리드 애슬레틱 버튼 실리콘 스트랩 22mm,공용,실리콘,22mm,버튼,,images/04_60.jpg,기종별 일반형 22mm
버티컬 그리드 애슬레틱 실리콘 스트랩 22mm,공용,실리콘,22mm,,,images/04_61.jpg,기종별 일반형 22mm
플렉스 니트 하이브리드 버클 나일론 실리콘 스트랩 22mm,공용,하이브리드,22mm,버클,,images/04_62.jpg,기종별 일반형 22mm
데님 스티치 하이브리드 디버클 나일론 실리콘 스트랩 22mm,공용,하이브리드,22mm,디버클(마그네틱),,images/04_63.jpg,기종별 일반형 22mm
매트 그레인 마그넷 링크 실리콘 스트랩 22mm,공용,실리콘,22mm,마그네틱,,images/04_64.jpg,기종별 일반형 22mm
멜로우 플레인 버클 TPU 젤리 스트랩 22mm,공용,TPU,22mm,버클,,images/04_65.jpg,기종별 일반형 22mm
듀오 매트 그레인 마그넷 링크 실리콘 스트랩 22mm,공용,실리콘,22mm,마그네틱,,images/04_66.jpg,기종별 일반형 22mm
블로키 메탈 버클 실리콘 스트랩 22mm,공용,실리콘,22mm,버클,,images/04_67.jpg,기종별 일반형 22mm
매시브 메탈 버클 실리콘 스트랩 22mm,공용,실리콘,22mm,버클,,images/04_68.jpg,기종별 일반형 22mm
프레스티지 퍼포먼스 듀얼 컴파운드 실리콘 티타늄 스트랩 22mm,공용,티타늄,22mm,,,,기종별 일반형 22mm
하트 캔디 팝 비즈 스트랩 22mm,공용,비즈,22mm,,,images/04_70.jpg,기종별 일반형 22mm
퀄팅 스티치 디버클 포우 레더 스트랩 22mm,공용,가죽,22mm,디버클(마그네틱),,images/04_71.jpg,기종별 일반형 22mm
스트라이프 엣지 마그넷 링크 실리콘 스트랩 22mm,공용,실리콘,22mm,마그네틱,,images/04_72.jpg,기종별 일반형 22mm
투톤 블로키 버클 실리콘 스트랩 22mm,공용,실리콘,22mm,버클,,images/04_73.jpg,기종별 일반형 22mm
오션 마그네틱 버클 프레스티지 스틸 스트랩 22mm,공용,스틸,22mm,마그네틱,,images/04_74.jpg,기종별 일반형 22mm
와이트릭 마그넷 링크 메탈 스트랩 22mm,공용,스틸,22mm,마그네틱,,images/04_75.jpg,기종별 일반형 22mm
세그먼트 마그넷 링크 실리콘 스트랩 22mm,공용,실리콘,22mm,마그네틱,,images/04_76.jpg,기종별 일반형 22mm
투명 크리스탈 스트랩 22mm,공용,PC,22mm,,,images/04_77.jpg,기종별 일반형 22mm
러닝 마스터 스포츠 실리콘 스트랩 22mm,공용,실리콘,22mm,,,images/04_78.jpg,기종별 일반형 22mm
런 업 스트래치 밸크로 패브릭 나일론 스트랩 22mm,공용,패브릭,22mm,,,images/04_79.jpg,기종별 일반형 22mm
듀오링 스포츠 나일론 스트랩 22mm,공용,패브릭,22mm,,,images/04_80.jpg,기종별 일반형 22mm
알파 프레스티지 스틸 스트랩 22mm,공용,스틸,22mm,,,images/04_81.jpg,기종별 일반형 22mm
투톤 펀칭 실리콘 스트랩 22mm,공용,실리콘,22mm,,,images/04_82.jpg,기종별 일반형 22mm
듀오 스트라이프 스티치 디버클 포우 레더 스트랩 22mm 🔴 단종 확정 스트랩,공용,가죽,22mm,디버클(마그네틱),,images/04_83.jpg,기종별 일반형 22mm
후크 투톤 패브릭 나일론 스트랩 24mm,공용,패브릭,24mm,벨크로,,,기종별 일반형 24mm
마일드 트레일 패브릭 나일론 스트랩 24mm,공용,패브릭,24mm,버클,,,기종별 일반형 24mm
와일드 스포츠 패브릭 나일론 스트랩 24mm,공용,패브릭,24mm,버클,,images/05_4.jpg,기종별 일반형 24mm
프레스티지 퍼포먼스 듀얼 컴파운드 실리콘 티타늄 스트랩 논점 🔔네이밍 기준 어긋남,프레스티지 라인업,티타늄,,,,,프레스티지 라인업
알파 프레스티지 스틸 스트랩 *구_ 스틸 스트랩,프레스티지 라인업,스틸,,,,images/06_3.jpg,프레스티지 라인업
베이직 링크 프레스티지 스틸 스트랩 *버터플라이 체결방식,프레스티지 라인업,스틸,,,,,프레스티지 라인업
베이직 링크 프레스티지 티타늄 스트랩 *버터플라이 체결방식,프레스티지 라인업,티타늄,,,,images/06_5.jpg,프레스티지 라인업
마그네틱 버클 링크 프레스티지 스틸 스트랩 *마그네틱 버클 체결 방식,프레스티지 라인업,스틸,,마그네틱,,,프레스티지 라인업
마그네틱 링크 프레스티지 티타늄 스트랩 *마그네틱 버클 체결 방식,프레스티지 라인업,티타늄,,마그네틱,,images/06_7.jpg,프레스티지 라인업
마그네틱 버클 링크 프레스티지 스틸 스트랩 * 마그네틱 +모듈 체결 방식,프레스티지 라인업,스틸,,마그네틱,,,프레스티지 라인업
마그네틱 버클 링크 프레스티지 티타늄 스트랩 * 마그네틱 +모듈 체결 방식,프레스티지 라인업,티타늄,,마그네틱,,images/06_9.jpg,프레스티지 라인업
플렉서블 링크 프레스티지 티타늄 스트랩,프레스티지 라인업,티타늄,,,,images/06_10.jpg,프레스티지 라인업
플렉서블 링크 프레스티지 스틸 스트랩,프레스티지 라인업,스틸,,,,images/06_11.jpg,프레스티지 라인업
오션 마그네틱 버클 프레스티지 스틸 스트랩,프레스티지 라인업,스틸,,마그네틱,,,프레스티지 라인업
리갈 프레스티지 스틸 스트랩 *버터플라이 체결 방식,프레스티지 라인업,스틸,,,,images/06_13.jpg,프레스티지 라인업
리갈 프레스티지 티타늄 스트랩 *버터플라이 체결 방식,프레스티지 라인업,티타늄,,,,images/06_14.jpg,프레스티지 라인업
투 라인 프레스티지 버터플라이 버클 일체형 스틸 스트랩,프레스티지 라인업,스틸,,일체형,,images/06_15.jpg,프레스티지 라인업
오션 마그네틱 버클 프레스티지 스테인레스 스트랩,프레스티지 라인업,,,마그네틱,,images/06_16.jpg,프레스티지 라인업
브레이드 솔로루프 스트랩,애플워치,패브릭,,일체형,,images/07_2.jpg,애플워치
트레일 스포츠 루프,애플워치,패브릭,,스포츠루프,,images/07_3.jpg,애플워치
밀레니즈 루프 스트랩,애플워치,메탈,,루프,,images/07_4.jpg,애플워치
슬림 밀레니즈 루프 스트랩,애플워치,메탈,,루프,,images/07_5.jpg,애플워치
모던 핏 스틸 스트랩,애플워치,스틸,,,,images/07_6.jpg,애플워치
프리미엄 슬림 모던 핏 스틸 스트랩,애플워치,스틸,,,,images/07_7.jpg,애플워치
쥬빌레 스트랩,애플워치,스틸,,,,images/07_8.jpg,애플워치
슬림 쥬빌레,애플워치,스틸,,,,images/07_9.jpg,애플워치
클리어 스트랩,애플워치,PC,,,,images/07_10.jpg,애플워치
클리어 체인 스트랩,애플워치,PC,,,,images/07_11.jpg,애플워치
일체형 클리어 스트랩,애플워치,TPU,,일체형,,images/07_12.jpg,애플워치
크리스탈 큐빅 브레이슬릿 스트랩,애플워치,스틸,,,,images/07_13.jpg,애플워치
크리스탈 큐빅 스트랩,애플워치,스틸,,,,images/07_14.jpg,애플워치
체인 모던핏 스트랩,애플워치,스틸,,,,images/07_15.jpg,애플워치
오션 실리콘 스트랩,애플워치,실리콘,,,,images/07_16.jpg,애플워치
버튼 실리콘 스트랩,애플워치,실리콘,,버튼,,images/07_17.jpg,애플워치
https://detail.1688.com/offer/1015528539845.html?share_token=MgjPiHEQhJDIWF2CiWu1GEO3vWAWlEjmqYmLtluErdDxKNftO8HgNQ%3D%3D&__share_id=17f09bd1-747c-47a5-a388-4f9559847ad0&rpg-cnt=share.offerDetail&offerId=1015528539845&__zhi_token=yh8yhO500zrak&spm=a262eq.8992535%2F20260305.5103953.0&forcePC=1772666352023,애플워치,,,,,images/07_18.jpg,애플워치
에어 슬로프 밸크로 패브릭 나일론 스트랩,화웨이 워치 핏4,패브릭,,벨크로,"블랙,실버,미드나잇블루 블루,핑크,오렌지 샌드핑크,스카이,라벤더 버건디,카키,올리브 스타라이트 하이퍼핑크,세이지민트 ⬇️ 네이버 단독 (4) 초코브라운, 레몬옐로우, 더스티네이비,더스티민트",images/08_2.jpg,화웨이 워치 핏4
매트 그레인 마그넷 링크 실리콘 스트랩,화웨이 워치 핏4,실리콘,,마그네틱,"블랙, 미드나잇블루, 다크그레이, 스타라이트, 스타오렌지, 스타스카이, 샌드스타라이트, 레몬옐로우, 라임, 버건디블랙, 라벤더, 화이트",images/08_3.jpg,화웨이 워치 핏4
메탈 스트랩,화웨이 워치 핏4,메탈,,,"블랙,실버,골드 로즈골드,로즈핑크,스타라이트",,화웨이 워치 핏4
베이직 버클 실리콘 스트랩,화웨이 워치 핏4,실리콘,,버클,"블랙, 미드나잇블루, 실버 레드, 머스타드, 오렌지, 다크그린,올리브, 샌드핑크, 라벤더, 스타라이트, 화이트",images/08_5.jpg,화웨이 워치 핏4
모션 트레드 버클 실리콘 스트랩,화웨이 워치 핏4,실리콘,,버클,"블랙,미드나잇블루,실버 레드,머스타드,오렌지 스카이,카키,버건디, 샌드핑크,라벤더,민트 다크그레이,화이트,스타라이트",,화웨이 워치 핏4
디버클 마그네틱 메쉬홀 실리콘 스트랩,화웨이 워치 핏4,실리콘,,디버클(마그네틱),"블랙, 미드나잇블루, 실버, 오렌지, 카키, 올리브, 샌드핑크, 버건디, 스타라이트, 화이트",,화웨이 워치 핏4
프리미엄 마그네틱 버클 브레이드 스트랩,화웨이 워치 핏4,패브릭,,마그네틱,"블랙, 미드나잇블루, 인디고, 스타라이트블랙, 스타라이트, 스타포인트, 샌드핑크, 체리블러썸, 솜사탕, 레인보우,레인보우블랙,레인보우B",images/08_8.jpg,화웨이 워치 핏4
갤럭시 워치8 호환 샤인 큐빅 메탈 스트랩,갤럭시 워치8 러그형,메탈,22mm 스트랩 + 러그형 커넥터,,"블랙,실버,로즈골드",,갤럭시 워치8 러그형
갤럭시 워치8 클래식 샤인 큐빅 메탈 스트랩,갤럭시 워치8 러그형,,,,,,갤럭시 워치8 러그형
갤럭시 워치8 호환 샤인 큐빅 슬림 브레이슬릿 스트랩,갤럭시 워치8 러그형,메탈,22mm 스트랩 + 러그형 커넥터,,"실버,로즈골드",,갤럭시 워치8 러그형
갤럭시 워치8 클래식 샤인 큐빅 슬림 브레이슬릿 스트랩,갤럭시 워치8 러그형,,,,,images/09_66.jpg,갤럭시 워치8 러그형
갤럭시 워치8 호환 체인 스틸 스트랩,갤럭시 워치8 러그형,메탈,22mm 스트랩 + 러그형 커넥터,,"블랙,실버,로즈골드",,갤럭시 워치8 러그형
갤럭시 워치8 클래식 체인 스틸 스트랩,갤럭시 워치8 러그형,,,,,,갤럭시 워치8 러그형
갤럭시 워치8 호환 레더 체인 스틸 스트랩,갤럭시 워치8 러그형,메탈,22mm 스트랩 + 러그형 커넥터,,블랙+블랙 실버+블랙 실버+화이트 로즈골드+블랙 로즈골드+화이트,images/09_69.jpg,갤럭시 워치8 러그형
갤럭시 워치8 클래식 레더 체인 스틸 스트랩,갤럭시 워치8 러그형,,,,,,갤럭시 워치8 러그형
갤럭시 워치8 호환 샤인 큐빅 트리플 스트랩,갤럭시 워치8 러그형,메탈,22mm 스트랩 + 러그형 커넥터,,"실버,로즈골드",,갤럭시 워치8 러그형
갤럭시 워치8 클래식 샤인 큐빅 트리플 스트랩,갤럭시 워치8 러그형,,,,,images/09_72.jpg,갤럭시 워치8 러그형
갤럭시 워치8 호환 싱글 체인 레더 스트랩,갤럭시 워치8 러그형,메탈,22mm 스트랩 + 러그형 커넥터,,블랙 화이트 브라운 인디베이지,,갤럭시 워치8 러그형
갤럭시 워치8 클래식 싱글 체인 레더 스트랩,갤럭시 워치8 러그형,,,,,,갤럭시 워치8 러그형
갤럭시 워치8 호환 싱글 투어 레더 스트랩,갤럭시 워치8 러그형,가죽,22mm 스트랩 + 실버 러그형 커넥터,버클,매트화이트 오렌지 앰버 인디베이지 블랙콤비 인디고콤비 블루그레이콤비 핑크콤비,images/09_75.jpg,갤럭시 워치8 러그형
갤럭시 워치8 클래식 싱글 투어 레더 스트랩,갤럭시 워치8 러그형,,,,,,갤럭시 워치8 러그형
갤럭시 워치8 호환 슬림 레더 스트랩,갤럭시 워치8 러그형,가죽,22mm 스트랩 + 실버 러그형 커넥터,버클,블랙 화이트 브라운 라이트브라운 파스텔핑크 체리블러썸 라벤더 그레이 옐로우 민트,,갤럭시 워치8 러그형
갤럭시 워치8 클래식 호환 슬림 레더 스트랩,갤럭시 워치8 러그형,,,,,images/09_78.jpg,갤럭시 워치8 러그형
갤럭시 워치8 호환 마그네틱 디버클 슬림 레더 스트랩,갤럭시 워치8 러그형,가죽,22mm 스트랩 + 실버 러그형 커넥터,디버클(마그네틱),블랙 인디실버 스타라이트 라벤더 브라운 스타라이트&핑크 스타라이트&라벤더 스타라이트&브라운,,갤럭시 워치8 러그형
갤럭시 워치8 클래식 마그네틱 디버클 슬림 레더 스트랩,갤럭시 워치8 러그형,,,디버클(마그네틱),,,갤럭시 워치8 러그형
갤럭시 워치8 호환 빈티지 레더 스트랩,갤럭시 워치8 러그형,가죽,22mm 스트랩 + 실버 or 블랙 러그형 커넥터,버클,그레이 블랙 ➡ 얘만 블랙 커넥터 조합 그린 옐로우 브라운 오렌지브라운 네이비,images/09_81.jpg,갤럭시 워치8 러그형
갤럭시 워치8 클래식 빈티지 레더 스트랩,갤럭시 워치8 러그형,,,,,,갤럭시 워치8 러그형
갤럭시 워치8 호환 브리즈 포우 레더 스트랩,갤럭시 워치8 러그형,가죽,22mm 스트랩 + 실버 러그형 커넥터,버클,블랙레인보우 인디베이지 네이비 블랙다크그린 그레이블루 옐로우,,갤럭시 워치8 러그형
갤럭시 워치8 클래식 호환 브리즈 포우 레더 스트랩,갤럭시 워치8 러그형,,,,,images/09_84.jpg,갤럭시 워치8 러그형
갤럭시 워치8 호환 크로코 클래식 포우 레더 스트랩,갤럭시 워치8 러그형,가죽,22mm 스트랩 + 실버 러그형 커넥터,버클,블랙 미드나잇블루 레드 핑크 화이트 브라운 초코브라운,,갤럭시 워치8 러그형
갤럭시 워치8 클래식 호환 크로코 클래식 포우 레더 스트랩,갤럭시 워치8 러그형,,,,,,갤럭시 워치8 러그형
갤럭시 워치8 호환 컴포트 핏 버클 나일론 실리콘 스트랩,갤럭시 워치8 러그형,가죽,22mm 스트랩 + 실버 러그형 커넥터,버클,"블랙, 미드나잇블루,그레이, 카키, 블루그레이,스타라이트",images/09_87.jpg,갤럭시 워치8 러그형
갤럭시 워치8 클래식 호환 컴포트 핏 버클 나일론 실리콘 스트랩,갤럭시 워치8 러그형,,,버클,,,갤럭시 워치8 러그형
갤럭시 워치8 호환 컴포트 핏 디버클 나일론 실리콘 스트랩,갤럭시 워치8 러그형,가죽,22mm 스트랩 + 실버 러그형 커넥터,버클,"블랙, 그레이, 오렌지, 블루그레이, 카키",,갤럭시 워치8 러그형
갤럭시 워치8 클래식 호환 컴포트 핏 디버클 나일론 실리콘 스트랩,갤럭시 워치8 러그형,,,디버클(마그네틱),,images/09_90.jpg,갤럭시 워치8 러그형
갤럭시 워치8 호환 플렉스 니트 하이브리드 버클 나일론 실리콘 스트랩,갤럭시 워치8 러그형,가죽,22mm 스트랩 + 실버 러그형 커넥터,버클,"블랙,그레이블루,버건디 그레이스카이,틸블루,다크그린 스타라이트,인디베이지",,갤럭시 워치8 러그형
갤럭시 워치8 클래식 호환 플렉스 니트 하이브리드 버클 나일론 실리콘 스트랩,갤럭시 워치8 러그형,,,버클,,,갤럭시 워치8 러그형
갤럭시 워치8 호환 매트 그레인 마그넷 링크 실리콘 스트랩,갤럭시 워치8 러그형,실리콘,22mm 스트랩 + 실버 러그형 커넥터,마그네틱,"블랙, 블랙오렌지, 오렌지블랙, 미드나잇블루, 다크그레이, 카키블랙, 스타라이트, 스타오렌지, 스타스카이, 샌드스타라이트, 화이트, 라임",images/09_93.jpg,갤럭시 워치8 러그형
갤럭시 워치8 클래식 호환 매트 그레인 마그넷 링크 실리콘 스트랩,갤럭시 워치8 러그형,,,마그네틱,,,갤럭시 워치8 러그형
갤럭시 워치8 호환 스트라이프 엣지 마그넷 링크 실리콘 스트랩,갤럭시 워치8 러그형,실리콘,22mm 스트랩 + 실버 러그형 커넥터,마그네틱,,,갤럭시 워치8 러그형
갤럭시 워치8 클래식 호환 스트라이프 엣지 마그넷 링크 실리콘 스트랩,갤럭시 워치8 러그형,,,마그네틱,,images/09_96.jpg,갤럭시 워치8 러그형
갤럭시 워치8 호환 매시브 메탈 버클 실리콘 스트랩,갤럭시 워치8 러그형,실리콘,22mm 스트랩 + 실버 러그형 커넥터,버클,"블랙그레이,미드나잇화이트,블랙레드, 블랙오렌지,다크그레이오렌지,스타오렌지, 초코브라운,카키블랙,화이트블루",,갤럭시 워치8 러그형
갤럭시 워치8 클래식 호환 매시브 메탈 버클 실리콘 스트랩,갤럭시 워치8 러그형,,,버클,,,갤럭시 워치8 러그형
갤럭시 워치8 호환 듀오링 스포츠 나일론 스트랩,갤럭시 워치8 러그형,패브릭,22mm 스트랩 + 실버 러그형 커넥터,벨크로,"블랙, 미드나잇블루, 실버화이트, 옐로우, 펄핑크, 파파야, 알레스칸블루, 라임, 펄라임, 팬텀실버, 민트그린, 메이징크, 네온라임, 스모키로즈, 카모그린",images/09_99.jpg,갤럭시 워치8 러그형
갤럭시 워치8 클래식 호환 듀오링 스포츠 나일론 스트랩,갤럭시 워치8 러그형,,,,,,갤럭시 워치8 러그형
갤럭시 워치8 호환 에어 그리드 애슬레틱 버튼 실리콘 스트랩,갤럭시 워치8 러그형,실리콘,22mm 스트랩 + 실버 러그형 커넥터,버클,,,갤럭시 워치8 러그형
갤럭시 워치8 클래식 호환 에어 그리드 애슬레틱 버튼 실리콘 스트랩,갤럭시 워치8 러그형,,,버튼,,images/09_102.jpg,갤럭시 워치8 러그형
갤럭시 워치8 호환,갤럭시 워치8 러그형,,,,,,갤럭시 워치8 러그형
갤럭시 워치8 클래식 호환,갤럭시 워치8 러그형,,,,,,갤럭시 워치8 러그형
갤럭시 워치8 호환,갤럭시 워치8 러그형,,,,,images/09_105.jpg,갤럭시 워치8 러그형
갤럭시 워치8 클래식 호환,갤럭시 워치8 러그형,,,,,,갤럭시 워치8 러그형
갤럭시 워치8 호환 버클 파스텔 스트랩,갤럭시 워치8 러그형,패브릭,20mm 스트랩 + 실버 러그형 커넥터,버클,,images/09_108.jpg,갤럭시 워치8 러그형
갤럭시 워치8 클래식 호환 버클 파스텔 스트랩,갤럭시 워치8 러그형,,,버클,,,갤럭시 워치8 러그형
갤럭시 워치 울트라 호환 🟩🟩🟩 스트랩,갤럭시 울트라 47mm,,,,,,갤럭시 울트라 47mm
갤럭시 워치 울트라 2025 호환 🟩🟩🟩🟩 스트랩,갤럭시 울트라 47mm,,,,,,갤럭시 울트라 47mm
갤럭시 워치 울트라 호환 듀오링 스포츠 나일론 스트랩,갤럭시 울트라 47mm,,,,,images/10_6.jpg,갤럭시 울트라 47mm
갤럭시 워치 울트라 2025 호환 듀오링 스포츠 나일론 스트랩,갤럭시 울트라 47mm,,,,,,갤럭시 울트라 47mm
갤럭시 워치 울트라 호환 모딕 메쉬 메탈 스트랩,갤럭시 울트라 47mm,,,,,images/10_9.jpg,갤럭시 울트라 47mm
갤럭시 워치 울트라 2025 호환 모딕 메쉬 메탈 스트랩,갤럭시 울트라 47mm,,,,,,갤럭시 울트라 47mm
갤럭시 워치 울트라 호환 매시브 메탈 버클 실리콘 스트랩,갤럭시 울트라 47mm,,,버클,,images/10_12.jpg,갤럭시 울트라 47mm
갤럭시 워치 울트라 2025 호환 매시브 메탈 버클 실리콘 스트랩,갤럭시 울트라 47mm,,,버클,,,갤럭시 울트라 47mm
갤럭시 워치 울트라 호환 스트라이프 엣지 마그넷 링크 실리콘 스트랩,갤럭시 울트라 47mm,,,마그네틱,,images/10_15.jpg,갤럭시 울트라 47mm
갤럭시 워치 울트라 2025 호환 스트라이프 엣지 마그넷 링크 실리콘 스트랩,갤럭시 울트라 47mm,,,마그네틱,,,갤럭시 울트라 47mm
갤럭시 워치 울트라 호환 와이트릭 마그넷 링크 메탈 스트랩,갤럭시 울트라 47mm,,,마그네틱,,images/10_18.jpg,갤럭시 울트라 47mm
갤럭시 워치 울트라 2025 호환 와이트릭 마그넷 링크 메탈 스트랩,갤럭시 울트라 47mm,,,마그네틱,,,갤럭시 울트라 47mm
갤럭시 워치 울트라 호환 퍼포먼스 듀얼 컴파운드 프레스티지 실리콘 티타늄 스트랩,갤럭시 울트라 47mm,,,,,images/10_21.jpg,갤럭시 울트라 47mm
갤럭시 워치 울트라 2025 호환 퍼포먼스 듀얼 컴파운드 프레스티지 실리콘 티타늄 스트랩,갤럭시 울트라 47mm,,,,,,갤럭시 울트라 47mm
갤럭시 워치 울트라 호환 오션 마그네틱 버클 프레스티지 스테인리스 스트랩,갤럭시 울트라 47mm,,,마그네틱,,images/10_24.jpg,갤럭시 울트라 47mm
갤럭시 워치 울트라 2025 호환 오션 마그네틱 버클 프레스티지 스테인리스 스트랩,갤럭시 울트라 47mm,,,마그네틱,,,갤럭시 울트라 47mm
갤럭시 워치 울트라 호환 엑시엄 메탈 버클 실리콘 스트랩,갤럭시 울트라 47mm,,,버클,,images/10_27.jpg,갤럭시 울트라 47mm
갤럭시 워치 울트라 2025 호환 엑시엄 메탈 버클 실리콘 스트랩,갤럭시 울트라 47mm,,,버클,,,갤럭시 울트라 47mm
갤럭시 워치 울트라 호환 클리프 블랙 메탈 버클 실리콘 스트랩,갤럭시 울트라 47mm,,,,,,갤럭시 울트라 47mm
갤럭시 워치 울트라 2025 호환 클리프 블랙 메탈 버클 실리콘 스트랩,갤럭시 울트라 47mm,,,,,,갤럭시 울트라 47mm
갤럭시 워치 울트라 호환 프레임엑스 일체형 메탈 실리콘 스트랩,갤럭시 울트라 47mm,실리콘,,일체형,,,갤럭시 울트라 47mm
갤럭시 워치 울트라 2025 호환 프레임엑스 일체형 메탈 실리콘 스트랩,갤럭시 울트라 47mm,,,일체형,,,갤럭시 울트라 47mm
갤럭시워치 울트라 호환 디버클 마그네틱 스포티 실리콘 스트랩,갤럭시 울트라 47mm,실리콘,47mm,디버클(마그네틱),,,갤럭시 울트라 47mm
갤럭시 위치 울트라 2025 호환 디버클 마그네틱 스포티 실리콘 스트랩,갤럭시 울트라 47mm,실리콘,47mm,디버클(마그네틱),,,갤럭시 울트라 47mm
아머 플렉스 Privacy 사생활 보호 PC 강화유리 올인원 케이스,갤럭시 울트라 47mm,강화유리,47mm,,,,갤럭시 울트라 47mm
PC 강화유리 올인원 케이스,갤럭시 울트라 47mm,강화유리,47mm,,,,갤럭시 울트라 47mm
TPU 사이드 범퍼 케이스,갤럭시 울트라 47mm,TPU,47mm,,,,갤럭시 울트라 47mm
탠저린 베젤 강화유리 일체형 올인원 케이스,갤럭시 울트라 47mm,강화유리,47mm,일체형,,,갤럭시 울트라 47mm
갤럭시 워치 울트라 47mm 호환 강화유리 필름 3매,갤럭시 울트라 47mm,강화유리,47mm,,,,갤럭시 울트라 47mm
갤럭시 워치 울트라 2025 47mm 호환 강화유리 필름 3매,갤럭시 울트라 47mm,,,,,,갤럭시 울트라 47mm
갤럭시 워치 울트라 47mm 호환 TPU 필름 3매,갤럭시 울트라 47mm,TPU,47mm,,,,갤럭시 울트라 47mm
갤럭시 워치 울트라 2025 47mm 호환 TPU 필름 3매,갤럭시 울트라 47mm,,,,,,갤럭시 울트라 47mm
갤럭시 워치 울트라 47mm 호환 Privacy 사생활 필름 3매,갤럭시 울트라 47mm,사생활 강화유리,47mm,,,,갤럭시 울트라 47mm
갤럭시 워치 울트라 2025 47mm 호환 Privacy 사생활 필름 3매,갤럭시 울트라 47mm,,,,,,갤럭시 울트라 47mm
갤럭시 워치 울트라 47mm 호환 PMMA 필름 3매,갤럭시 울트라 47mm,PMMA,47mm,,,,갤럭시 울트라 47mm
Privacy 사생활 필름 3매 PMMA 필름 3매,갤럭시 울트라 47mm,,,,,,갤럭시 울트라 47mm
갤럭시 위치 울트라 호환 모던 패브릭 나일론 스트랩,갤럭시 울트라 47mm,패브릭,47mm,,,,갤럭시 울트라 47mm
베이직 실리콘 스트랩 1P (스스 모음전 대표),갤럭시 핏3,실리콘,,,,,갤럭시 핏3
베이직 실리콘 스트랩 2P,갤럭시 핏3,실리콘,,,,,갤럭시 핏3
스포티 실리콘 스트랩,갤럭시 핏3,실리콘,,,,,갤럭시 핏3
스포티 실리콘 스트랩 + TPU 범퍼 케이스,갤럭시 핏3,실리콘,,,,,갤럭시 핏3
디버클 마그네틱 실리콘 스트랩,갤럭시 핏3,실리콘,,디버클(마그네틱),,,갤럭시 핏3
펀치홀 실리콘 스트랩,갤럭시 핏3,실리콘,,,,,갤럭시 핏3
소프트 마그넷 링크 실리콘 스트랩,갤럭시 핏3,실리콘,,마그네틱,,images/11_7.jpg,갤럭시 핏3
듀오 매트 그레인 마그넷 링크 실리콘 스트랩,갤럭시 핏3,실리콘,,마그네틱,,,갤럭시 핏3
매트 그레인 마그넷 링크 실리콘 스트랩,갤럭시 핏3,실리콘,,마그네틱,,,갤럭시 핏3
오션 실리콘 스트랩,갤럭시 핏3,실리콘,,,,,갤럭시 핏3
하이브리드 레더 실리콘 스트랩,갤럭시 핏3,실리콘,,,,,갤럭시 핏3
디버클 마그네틱 메쉬홀 실리콘 스트랩,갤럭시 핏3,실리콘,,디버클(마그네틱),,,갤럭시 핏3
일체형 컬러 실리콘 스트랩,갤럭시 핏3,실리콘,,일체형,,,갤럭시 핏3
솔라 플립 일체형 스트랩,갤럭시 핏3,TPU,,일체형,,,갤럭시 핏3
러기드 아머 일체형 스트랩,갤럭시 핏3,TPU,,일체형,,,갤럭시 핏3
나토 스트랩,갤럭시 핏3,패브릭,,나토,,,갤럭시 핏3
스포츠 루프 스트랩,갤럭시 핏3,패브릭,,스포츠루프,,,갤럭시 핏3
스트레치 스트랩,갤럭시 핏3,패브릭,,,,,갤럭시 핏3
트레일 나일론 스트랩,갤럭시 핏3,패브릭,,,,,갤럭시 핏3
프리미엄 마그네틱 버클형 브레이드 스트랩,갤럭시 핏3,패브릭,,마그네틱,,,갤럭시 핏3
마그네틱 버클 파스텔 브레이드 스트랩,갤럭시 핏3,패브릭,,마그네틱,,,갤럭시 핏3
에어 슬로프 밸크로 패브릭 나일론 스트랩,갤럭시 핏3,,,벨크로,,images/11_22.jpg,갤럭시 핏3
프리미엄 메탈 스트랩,갤럭시 핏3,메탈,,,,,갤럭시 핏3
프리미엄 스틸 스트랩,갤럭시 핏3,메탈,,,,,갤럭시 핏3
링크 브레이슬릿 스틸 스트랩,갤럭시 핏3,메탈,,,,,갤럭시 핏3
쥬빌레 메탈 스트랩,갤럭시 핏3,메탈,,,,,갤럭시 핏3
슬림 쥬빌레 메탈 스트랩,갤럭시 핏3,메탈,,,,,갤럭시 핏3
체인 스틸 메탈 스트랩,갤럭시 핏3,메탈,,,,,갤럭시 핏3
헤링본 큐빅 메탈 스트랩,갤럭시 핏3,메탈,,,,,갤럭시 핏3
샤인 큐빅 메탈 스트랩,갤럭시 핏3,메탈,,,,,갤럭시 핏3
샤인 큐빅 슬림 브레이슬릿,갤럭시 핏3,메탈,단일,,"실버,로즈골드",images/11_31.jpg,갤럭시 핏3
큐빅 브레이슬릿 스트랩,갤럭시 핏3,메탈,,,,,갤럭시 핏3
벨라 링크 레더 스트랩,갤럭시 핏3,가죽,,,,,갤럭시 핏3
모던 레더 스트랩,갤럭시 핏3,가죽,,,,,갤럭시 핏3
트위드 레더 스트랩,갤럭시 핏3,가죽,,,,,갤럭시 핏3
T 버클형 모노 컬러 레더 스트랩,갤럭시 핏3,가죽,,버클,,,갤럭시 핏3
디버클 마그네틱 그레인 레더 스트랩,갤럭시 핏3,가죽,,디버클(마그네틱),,,갤럭시 핏3
핏3 호환 샤인큐빅 범퍼 케이스,갤럭시 핏3,PC,,,,,갤럭시 핏3
범퍼 TPU 케이스,갤럭시 핏3,TPU,,,,,갤럭시 핏3
풀커버 TPU 케이스,갤럭시 핏3,TPU,,,,,갤럭시 핏3
올인원 PC 케이스,갤럭시 핏3,PC,,,,,갤럭시 핏3
TPU 필름 3매,갤럭시 핏3,우레탄,,,,,갤럭시 핏3
핏3 PMMA 필름 3매,갤럭시 핏3,PMMA,,,,,갤럭시 핏3
핏3 충전케이블 1m USB-A타입,갤럭시 핏3,,,,,,갤럭시 핏3
핏3 충전케이블 1m USB-C타입,갤럭시 핏3,,,,,,갤럭시 핏3
갤럭시 핏3 호환 유니버셜 USB-A타입 충전 케이블,갤럭시 핏3,,,,,,갤럭시 핏3
이지포트 포터블 충전기 + C타입 변환 젠더 + 미니 파우치,갤럭시 핏3,,,,,,갤럭시 핏3
"갤럭시 핏3 호환 테크 아트 거치 스탠드 충전 크래들 1m, USB-A타입",갤럭시 핏3,,,,,,갤럭시 핏3
날개형 웨이브 스티치 실리콘 스트랩 (*스트릿엣지 디자인),갤럭시 날개형 20mm,실리콘,20mm,,"블랙,미드나잇블루,화이트,실버,샌드핑크,스타라이트,오렌지,머스타드,스카이,카키,딥그레이,라벤더",,갤럭시 날개형 20mm
날개형 '에어' 디버클 마그네틱 메쉬홀 실리콘 스트랩 (* 스트릿 엣지 스타일),갤럭시 날개형 20mm,실리콘,20mm,디버클(마그네틱),,,갤럭시 날개형 20mm
날개형 소프트 마그넷 링크 실리콘 스트랩,갤럭시 날개형 20mm,실리콘,20mm,마그네틱,,,갤럭시 날개형 20mm
날개형 마그넷 링크 실리콘 스트랩,갤럭시 날개형 20mm,실리콘,20mm,마그네틱,,,갤럭시 날개형 20mm
날개형 익스트림 실리콘 스트랩,갤럭시 날개형 20mm,실리콘,20mm,,,,갤럭시 날개형 20mm
날개형 스페이스핏 스틸 스트랩,갤럭시 날개형 20mm,메탈,20mm,,,,갤럭시 날개형 20mm
날개형 메탈 스트랩,갤럭시 날개형 20mm,메탈,20mm,,,,갤럭시 날개형 20mm
날개형 프리미엄 메탈 스트랩,갤럭시 날개형 20mm,메탈,20mm,,,,갤럭시 날개형 20mm
날개형 프리미엄 버클 스틸 스트랩 20mm,갤럭시 날개형 20mm,메탈,,버클,,,갤럭시 날개형 20mm
날개형 베이직 링크 브레이슬릿 스트랩,갤럭시 날개형 20mm,메탈,20mm,,,,갤럭시 날개형 20mm
날개형 프리미엄 링크 브레이슬릿 스트랩,갤럭시 날개형 20mm,메탈,20mm,,,,갤럭시 날개형 20mm
날개형 하이브리드 레더 실리콘 스트랩,갤럭시 날개형 20mm,가죽,20mm,,,images/14_12.jpg,갤럭시 날개형 20mm
날개형 베이직 가죽 레더 스트랩,갤럭시 날개형 20mm,가죽,20mm,,,,갤럭시 날개형 20mm
날개형 콘트라스트 마그네틱 실리콘 스트랩 20mm,갤럭시 날개형 20mm,실리콘,20mm,마그네틱,,,갤럭시 날개형 20mm
날개형 듀얼 쉐이드 마그네틱 실리콘 스트랩 20mm,갤럭시 날개형 20mm,실리콘,20mm,마그네틱,,,갤럭시 날개형 20mm
투톤 마린 오션 실리콘 스트랩,갤럭시 날개형 20mm,버클,20mm,,,,갤럭시 날개형 20mm
원클릭 날개형 베이직 스틸 스트랩,갤럭시 원클릭 20mm,메탈,20mm,원클릭,"블랙,실버,로즈골드,로즈핑크",,갤럭시 원클릭 20mm
원클릭 날개형 프리미엄 스틸 스트랩,갤럭시 원클릭 20mm,메탈,20mm,원클릭,"블랙,실버,로즈골드,로즈핑크,티타늄",,갤럭시 원클릭 20mm
원클릭 날개형 가죽 스트랩,갤럭시 원클릭 20mm,가죽,20mm,원클릭,,,갤럭시 원클릭 20mm
원클릭 날개형 싱글 투어 레더 스트랩,갤럭시 원클릭 20mm,가죽,20mm,원클릭,,,갤럭시 원클릭 20mm
원클릭 날개형 디버클 슬림 레더 스트랩,갤럭시 원클릭 20mm,가죽,20mm,디버클(마그네틱),,,갤럭시 원클릭 20mm
원클릭 날개형 빈티지 가죽 스트랩,갤럭시 원클릭 20mm,가죽,20mm,원클릭,,,갤럭시 원클릭 20mm
원클릭 날개형 알파핏 실리콘 스트랩 (소진 시 단종 예정),갤럭시 원클릭 20mm,실리콘,20mm,원클릭,,,갤럭시 원클릭 20mm
원클릭 날개형 스포츠 실리콘 스트랩 (알파핏 보강품),갤럭시 원클릭 20mm,실리콘,20mm,원클릭,"블랙,실버, 다크그레이, 미드나잇블루, 스타라이트, 샌드핑크,피크닉민트, 옐로우,라이트퍼플",,갤럭시 원클릭 20mm
원클릭 날개형 다이나믹 실리콘 스트랩,갤럭시 원클릭 20mm,실리콘,20mm,원클릭,,,갤럭시 원클릭 20mm
원클릭 날개형 웨이브 스티치 실리콘 스트랩 20mm (*참고: 스트릿 엣지 디자인),갤럭시 원클릭 20mm,실리콘,20mm,원클릭,,,갤럭시 원클릭 20mm
원클릭 날개형 코도반 레더 가죽 스트랩,갤럭시 원클릭 20mm,가죽,20mm,원클릭,,,갤럭시 원클릭 20mm
스틸 스트랩,미밴드10/ 9 / 8,메탈,퀵릴리즈,,"블랙,실버 [추가컬러] 딥그레이, 골드,로즈골드,로즈핑크,스타라이트",images/16_2.jpg,미밴드10/ 9 / 8
메탈 스트랩,미밴드10/ 9 / 8,메탈,퀵릴리즈,,"블랙,실버,로즈골드",images/16_3.jpg,미밴드10/ 9 / 8
프리미엄 메탈 스트랩,미밴드10/ 9 / 8,메탈,퀵릴리즈,,"블랙, 실버, 골드, 로즈골드, 로즈핑크,샌드핑크, 라벤더, 레인보우, 딥그레이, 스타라이트, 스타라이트블루, 스타라이트그린, 로즈핑크퍼플, 민트코랄 🟩추가 등록 세라믹블루,,화이트,애쉬화이트",images/16_4.jpg,미밴드10/ 9 / 8
체인 브레이슬릿 메탈 스트랩,미밴드10/ 9 / 8,메탈,퀵릴리즈,,"블랙,실버,로즈골드,로즈핑크,스타라이트",images/16_5.jpg,미밴드10/ 9 / 8
비건 레더 싱글 체인 메탈 스트랩,미밴드10/ 9 / 8,가죽,퀵릴리즈,,블랙+블랙 실버+블랙 로즈골드+화이트 실버+화이트 *실버+베리핑크 *로즈골드+베리핑크,images/16_6.jpg,미밴드10/ 9 / 8
일체형 투명 범퍼 케이스 밀레니즈 메탈 스트랩,미밴드10/ 9 / 8,메탈,일체형 메탈,일체형,-,images/16_7.jpg,미밴드10/ 9 / 8
후크 패브릭 나일론 스트랩,미밴드10/ 9 / 8,패브릭,퀵릴리즈,,"블랙, 샌드화이트, 오렌지, 카키,베이지,크레용,",,미밴드10/ 9 / 8
풀탭 스포츠루프 밸크로 패브릭 나일론 스트랩,미밴드10/ 9 / 8,패브릭,퀵릴리즈,벨크로,"블랙(리플렉티드블랙),포그그레이, 라이트그린, 파파야, 펄핑크, 민트, 로즈레드,네온핑크,밀크화이트, 팬텀실버,딥씨블루,블루카키, 메이지핑크, 메이지옐로우,애플민트, 커피브라운, 세레니티블루, 카모그린",images/16_9.jpg,미밴드10/ 9 / 8
*Air Slope 에어 슬로프 밸크로 패브릭 나일론 스트랩,미밴드10/ 9 / 8,패브릭,퀵릴리즈,,"블랙,실버,미드나잇블루 블루,핑크,오렌지 샌드핑크,스카이,라벤더 버건디,카키,올리브 스타라이트",images/16_10.jpg,미밴드10/ 9 / 8
모노 스포츠루프 스트랩,미밴드10/ 9 / 8,패브릭,퀵릴리즈,스포츠루프,"블랙, 스페이스블랙, 네온라임, 미드나잇블루, 알래스칸블루, 샌드핑크, 베이비핑크, 실버화이트, 레인보우, 레인보우B, 레드블랙, 비비드핑크, 케이프블루, 다크그린, 피스타치오, 비타민오렌지, 라임, 민트, 퍼플, 파파야",images/16_11.jpg,미밴드10/ 9 / 8
모노 스포츠루프 스트랩 2P 세트 [블랙+00*],미밴드10/ 9 / 8,패브릭,퀵릴리즈,스포츠루프,"블랙 + 스페이스블랙 블랙 + 네온라임 블랙 + 미드나잇블루 블랙 + 알래스칸블루, 블랙 + 샌드핑크 블랙 + 베이비핑크 블랙 + 실버화이트 블랙 + 레인보우 블랙 + 레인보우B 블랙 + 레드블랙 블랙 + 비비드핑크 블랙 + 케이프블루 블랙 + 다크그린 블랙 + 피스타치오 블랙 + 비타민오렌지 블랙 + 라임 블랙 + 민트 블랙 + 퍼플 블랙 + 파파야",images/16_12.jpg,미밴드10/ 9 / 8
프리미엄 모노 스포츠루프 스트랩,미밴드10/ 9 / 8,패브릭,퀵릴리즈,스포츠루프,"블랙, 실버화이트, 네이비핑크, 스톰그레이, 세레니티블루, 리플렉티드블랙, 네온핑크, 히비스커스, 밀크화이트, 펄핑크, 로즈레드, 케이프블루, 파파야, 메이지옐로우, 메이지핑크, 블루카키, 레인보우B 라이트그린, 오렌지, 포그그레이,투톤그린, 투톤실버,커피브라운,투톤딥블루,카모그린 세이지민트",images/16_13.jpg,미밴드10/ 9 / 8
브레이드 솔로 루프 밴드 스트랩 (3사이즈),미밴드10/ 9 / 8,패브릭,퀵릴리즈,일체형,"블랙, 레드, 블루, 카키, 핑크, 스타라이트블랙, 샤이닝블랙, 인디고, 레인보우",images/16_14.jpg,미밴드10/ 9 / 8
프리미엄 마그네틱 브레이드 스트랩,미밴드10/ 9 / 8,패브릭,퀵릴리즈,마그네틱,"블랙, 딥그레이, 스타라이트블랙, 샌드핑크, 베이비핑크, 스타라이트, 오렌지, 카키, 레드블랙, 화이트핑크, 화이트블랙, 샤이닝블랙, 레인보우, 레인보우B, 레인보우블랙, 인디고 ★라이트버건디,★샌드버건디,★샌드그린",images/16_15.jpg,미밴드10/ 9 / 8
마그네틱 브레이드 스트랩,미밴드10/ 9 / 8,패브릭,퀵릴리즈,마그네틱,"블랙,스타라이트,스타포인트,체리블러썸,라이트버건디,다크그린,스타라이트블랙,샤이닝블랙,레인보우,인디고",images/16_16.jpg,미밴드10/ 9 / 8
스트래치 나일론 스트랩,미밴드10/ 9 / 8,패브릭,퀵릴리즈,,"블랙,미드나잇블루,다크그레이, 스타라이트, 라즈베리,버건디, 코코아, 카키,에메랄드그린 핑크, 스카이, 화이트",images/16_17.jpg,미밴드10/ 9 / 8
나토 나일론 웨빙 스트랩,미밴드10/ 9 / 8,패브릭,퀵릴리즈,나토,"블랙, 그레이, 스타라이트 옐로우, 핑크, 블루, 카키",images/16_18.jpg,미밴드10/ 9 / 8
버클 브레이드 스트랩,미밴드10/ 9 / 8,패브릭,퀵릴리즈,브레이드,"다크그레이,샌드핑크,다크그린, 샤이닝블랙,레인보우,레인보우B, 레인보우블랙,스타라이트",images/16_19.jpg,미밴드10/ 9 / 8
스포티 실리콘 스트랩 1P,미밴드10/ 9 / 8,실리콘,퀵릴리즈,,"블랙옐로우, 블랙그레이, 블랙화이트, 블랙레드, 블랙블루, 네이비화이트, 올리브화이트, 민트화이트",images/16_20.jpg,미밴드10/ 9 / 8
스포티 실리콘 스트랩 2P 세트,미밴드10/ 9 / 8,실리콘,퀵릴리즈,,블랙화이트+블랙그레이 블랙화이트+블랙블루 블랙화이트+블랙레드 블랙화이트+블랙옐로우 블랙화이트+네이비화이트 블랙화이트+올리브화이트 블랙화이트+민트화이트,,미밴드10/ 9 / 8
베이직 실리콘 스트랩 1P,미밴드10/ 9 / 8,실리콘,퀵릴리즈,,"블랙,미드나잇블루,화이트,그레이,오렌지,레드, 다크그린,민트,블루,샌드핑크,스카이,라벤더",images/16_22.jpg,미밴드10/ 9 / 8
베이직 실리콘 스트랩 2P 세트,미밴드10/ 9 / 8,실리콘,퀵릴리즈,,블랙+화이트 미드나잇블루+다크그린 샌드핑크+화이트 오렌지+블루 다크그린+화이트 오렌지+스카이 라벤더+민트 그레이+스카이,images/16_23.jpg,미밴드10/ 9 / 8
디버클 마그네틱 메쉬홀 실리콘 스트랩,미밴드10/ 9 / 8,실리콘,퀵릴리즈,디버클(마그네틱),"블랙, 실버, 미드나잇블루 스카이, 핑크, 라벤더 오렌지, 버건디, 브라운 라임, 화이트, 스타라이트",images/16_24.jpg,미밴드10/ 9 / 8
소프트 마그넷 링크 실리콘 스트랩,미밴드10/ 9 / 8,실리콘,퀵릴리즈,마그네틱,"블랙오렌지, 네이비블루, 버건디블랙, 그레이오렌지, 스타라이트오렌지, 핑크오렌지, 핑크스카이, 스카이스타라이트, 베이지그레이, 화이트블랙",images/16_25.jpg,미밴드10/ 9 / 8
마그넷 링크 실리콘 스트랩,미밴드10/ 9 / 8,실리콘,퀵릴리즈,마그네틱,"화이트블랙, 블랙오렌지,네이비블루, 샌드핑크스카이, 스타라이트오렌지, 스타라이트샌드핑크, 스카이스타라이트, 민트스타라이트, 딥핑크스타라이트, 스타라이트, 핫핑크, 라벤더",images/16_26.jpg,미밴드10/ 9 / 8
듀오 매트 그레인 마그넷 링크 실리콘 스트랩,미밴드10/ 9 / 8,실리콘,퀵릴리즈,마그네틱,,images/16_27.jpg,미밴드10/ 9 / 8
매트 그레인 마그넷 링크 실리콘 스트랩,미밴드10/ 9 / 8,실리콘,퀵릴리즈,마그네틱,"블랙, 블랙오렌지, 오렌지블랙, 미드나잇블루, 다크그레이, 카키블랙, 스타라이트, 스타오렌지, 스타스카이, 샌드스타라이트, 화이트, 라임",images/16_28.jpg,미밴드10/ 9 / 8
러기드 아머 일체형 실리콘 스트랩 (*2025 신규),미밴드10/ 9 / 8,실리콘,일체형,일체형,"블랙그레이,블랙레드,블랙민트 미드나잇그레이,그린그레이,버건디그레이 오렌지그레이,옐로우화이트,스카이화이트 화이트블랙",images/16_29.jpg,미밴드10/ 9 / 8
스트릿 엣지 실리콘 스트랩,미밴드10/ 9 / 8,실리콘,퀵릴리즈,,"블랙,미드나잇블루,화이트 오렌지, 스카이,샌드핑크 실버, 딥그레이, 카키 스타라이트",images/16_30.jpg,미밴드10/ 9 / 8
클리어 젤리 TPU 일체형 스트랩,미밴드10/ 9 / 8,TPU,일체형,일체형,"투명,블랙,핑크, 옐로우,그린,민트 퍼플",images/16_31.jpg,미밴드10/ 9 / 8
미밴드 8 올인원 케이스 (9에서는 러기드임) 미밴드 9 올인원 케이스 (8과 디자인 다름),미밴드10/ 9 / 8,PC,케이스,,"블랙,미드나잇블루,투명,샌드핑크,화이트,다크그린",images/16_32.jpg,미밴드10/ 9 / 8
미밴드 10 올인원 케이스 (* 단독 호환),미밴드10/ 9 / 8,PC,,,"블랙,미드나잇블루, 투명, 샌드핑크,화이트, 다크그린,스타라이트",images/16_33.jpg,미밴드10/ 9 / 8
러기드 스포츠 강화유리 일체형 케이스 (*9 호환),미밴드10/ 9 / 8,PC,케이스,일체형,"블랙, 미드나잇블루,샌드핑크, 스카이, 알파인그린 스타라이트,투명",,미밴드10/ 9 / 8
러기드 스포츠 강화유리 PC 하드 케이스 (*10호환),미밴드10/ 9 / 8,PC,케이스,,"*10부터 다크그린 삭제* 블랙, 미드나잇블루,샌드핑크, 스카이, 알파인그린 스타라이트,투명",images/16_35.jpg,미밴드10/ 9 / 8
TPU 풀커버 케이스 (*8~9),미밴드10/ 9 / 8,TPU,케이스,,"투명,블랙,스타라이트 로즈핑크,블루,알파인그린",images/16_36.jpg,미밴드10/ 9 / 8
TPU 풀커버 케이스 (*10 단독 호환),미밴드10/ 9 / 8,TPU,케이스,,"블랙,실버,골드 로즈골드,로즈핑크,투명",images/16_37.jpg,미밴드10/ 9 / 8
샤인 큐빅 범퍼 케이스,미밴드10/ 9 / 8,PC,케이스,,"투명,블랙,실버,로즈골드,스타라이트",images/16_38.jpg,미밴드10/ 9 / 8
미밴드 10 네코 블링 캣,미밴드10/ 9 / 8,PC,케이스,,,images/16_39.jpg,미밴드10/ 9 / 8
미밴드 9 네코 블링 캣,미밴드10/ 9 / 8,PC,케이스,,,images/16_40.jpg,미밴드10/ 9 / 8
아머 플렉스 PMMA 필름 3매,미밴드10/ 9 / 8,PMMA,필름,,투명,images/16_41.jpg,미밴드10/ 9 / 8
아머 플렉스 TPU 우레탄 자가복원 풀커버 필름 3매,미밴드10/ 9 / 8,TPU,필름,,투명,,미밴드10/ 9 / 8
미밴드 시리즈 호환 스탠다드 분실방지 거치 논슬립 실리콘 클립 2P SET,미밴드10/ 9 / 8,실리콘,클립,,블랙 + 블랙 미드나잇블루 + 블랙 오렌지 + 블랙,images/16_43.jpg,미밴드10/ 9 / 8
샤오미 미밴드 10 호환 충전 케이블 1m USB-A타입 충전 케이블 1m 시트 참고,미밴드10/ 9 / 8,-,충전 용품,,"화이트,블랙",images/16_44.jpg,미밴드10/ 9 / 8
샤오미 미밴드 10 호환 테크아트 거치 스탠드 충전 크래들 1m USB-A타입 테크 아트 충전 크래들 시트 참고,미밴드10/ 9 / 8,-,충전 용품,,블랙,images/16_45.jpg,미밴드10/ 9 / 8
오션 실리콘 스트랩,미밴드10/ 9 / 8,실리콘,퀵릴리즈,,,images/16_46.jpg,미밴드10/ 9 / 8
샤오미 미밴드 10 호환 스틸 스트랩 + 올인원 PC 강화유리 케이스 2in1 세트,미밴드10 SET,,55*190*17,,블랙+블랙 실버+투명,,미밴드10 SET
샤오미 미밴드 10 호환 프리미엄 메탈 스트랩 + 올인원 PC 강화유리 케이스 2in1 세트,미밴드10 SET,,55*190*17,,블랙+블랙 실버+투명 스타라이트 + 스타라이트,images/17_2.jpg,미밴드10 SET
샤오미 미밴드 10 호환 체인 브레이슬릿 메탈 스트랩 + 샤인 큐빅 범퍼 케이스 2in1 세트,미밴드10 SET,,55*190*17,,",블랙 + 블랙 ,실버 + 실버 ,로즈골드 + 로즈골드 ,스타라이트 + 스타라이트",images/17_3.jpg,미밴드10 SET
샤오미 미밴드 10 호환 프리미엄 모노 스포츠루프 스트랩 + 풀커버 케이스 2in1 세트,미밴드10 SET,,55*190*17,스포츠루프,"블랙+블랙, 리플렉티드블랙+블랙, 케이프블루+투명, 네이비핑크+투명, 파파야+투명, 실버화이트+투명, 밀크화이트+투명, 펄핑크+투명, 레인보우B+투명,",images/17_4.jpg,미밴드10 SET
샤오미 미밴드 10 호환 마그네틱 브레이드 스트랩 + 올인원 PC 강화유리 투명 케이스 2in1 세트,미밴드10 SET,,55*190*17,마그네틱,"* 올인원 투명으로 통일 * 블랙+투명, 스타라이트+투명, 스타포인트+투명, 체리블러썸+투명, 라이트버건디+투명, 다크그린+투명, 스타라이트블랙+투명, 샤이닝블랙+투명, 레인보우+투명, 인디고+투명",images/17_5.jpg,미밴드10 SET
샤오미 미밴드 10 호환 베이직 실리콘 스트랩 + 풀커버 케이스 2in1 세트,미밴드10 SET,,55*190*17,,"블랙+블랙 미드나잇블루+투명, 화이트+투명, 샌드핑크+로즈핑크 다크그린+투명 스카이+투명 그레이+투명, 오렌지+투명, 레드+투명, 민트+투명, 블루+투명, 라벤더+투명",images/17_6.jpg,미밴드10 SET
샤오미 미밴드 10 호환 스포티 실리콘 스트랩 + 올인원 PC 강화유리 케이스 2in1 세트,미밴드10 SET,,55*190*17,,"블랙화이트+블랙, 블랙그레이+블랙, 블랙레드+블랙, 블랙옐로우+블랙, 블랙블루+블랙, 네이비화이트+투명, 올리브화이트+투명, 민트화이트+투명,",images/17_7.jpg,미밴드10 SET
샤오미 미밴드 10 호환 에어슬로프 밸크로 나일론 패브릭 스트랩 + 올인원 PC 강화유리 투명 케이스 2in1 세트,미밴드10 SET,,55*190*17,,"블랙+투명 , 실버+투명, 미드나잇블루+투명, 오렌지+투명, 샌드핑크+투명, 라벤더+투명 카키,+투명 올리브+투명 스타라이트+투명",images/17_8.jpg,미밴드10 SET
샤오미 미밴드 10 호환 비건 레더 싱글 체인 메탈 스트랩 + 올인원 PC 강화유리 투명 케이스 2in1 세트,미밴드10 SET,,55*190*17,,블랙&블랙+투명 실버&블랙+투명 로즈골드&화이트+투명 실버&화이트+투명 실버&베리핑크+투명 로즈골드&베리핑크+투명,images/17_9.jpg,미밴드10 SET
어메이즈핏 티렉스 호환 베이직 버클 실리콘 스트랩 (*티렉스 1),티렉스 라인업,실리콘,티렉스 전용,버클,,images/20_2.jpg,티렉스 라인업
어메이즈핏 티렉스 3 호환 스탠다드 투톤 실리콘 스트랩,티렉스 라인업,실리콘,티렉스 3 전용,,,images/20_3.jpg,티렉스 라인업
어메이즈핏 티렉스 3 호환 스탠다드 버클 실리콘 스트랩,티렉스 라인업,실리콘,티렉스 3 전용,버클,,images/20_4.jpg,티렉스 라인업
어메이즈핏 티렉스 3 프로 48mm 호환 스탠다드 버클 실리콘 스트랩,티렉스 라인업,실리콘,티렉스 3 프로 48mm 전용,버클,,images/20_5.jpg,티렉스 라인업
어메이즈핏 티렉스 3 프로 44mm 호환 스탠다드 버클 실리콘 스트랩,티렉스 라인업,실리콘,티렉스 3 프로 44mm 전용,버클,,images/20_6.jpg,티렉스 라인업
베이직 실리콘 스트랩,보이스캐디 Gift SET,실리콘,22mm,,,images/22_2.jpg,보이스캐디 Gift SET
버튼 베이직 실리콘 스트랩,보이스캐디 Gift SET,실리콘,22mm,버튼,,images/22_3.jpg,보이스캐디 Gift SET
버튼형 스포티 스트랩,보이스캐디 Gift SET,실리콘,22mm,버튼,,images/22_4.jpg,보이스캐디 Gift SET
디버클 마그네틱 스포티 실리콘 스트랩,보이스캐디 Gift SET,실리콘,22mm,디버클(마그네틱),,images/22_5.jpg,보이스캐디 Gift SET
어반 실리콘 스트랩,보이스캐디 Gift SET,실리콘,22mm,,,images/22_6.jpg,보이스캐디 Gift SET
디버클 마그네틱 실리콘 스트랩,보이스캐디 Gift SET,실리콘,22mm,디버클(마그네틱),,images/22_7.jpg,보이스캐디 Gift SET
펀칭 실리콘 스트랩,보이스캐디 Gift SET,실리콘,22mm,,,images/22_8.jpg,보이스캐디 Gift SET
와플 패턴 실리콘 스트랩,보이스캐디 Gift SET,실리콘,22mm,,,images/22_9.jpg,보이스캐디 Gift SET
스트릿 엣지 실리콘 스트랩,보이스캐디 Gift SET,실리콘,22mm,,,images/22_10.jpg,보이스캐디 Gift SET
소프트 마그넷 링크 실리콘 스트랩,보이스캐디 Gift SET,실리콘,22mm,마그네틱,,images/22_11.jpg,보이스캐디 Gift SET
디버클 블랜드 투톤 실리콘 스트랩,보이스캐디 Gift SET,실리콘,22mm,디버클(마그네틱),,images/22_12.jpg,보이스캐디 Gift SET
디버클 오션 실리콘 스트랩,보이스캐디 Gift SET,실리콘,22mm,디버클(마그네틱),,images/22_13.jpg,보이스캐디 Gift SET
모노 스포츠루프 스트랩,보이스캐디 Gift SET,패브릭,22mm,스포츠루프,,images/22_14.jpg,보이스캐디 Gift SET
브레이드 스트랩,보이스캐디 Gift SET,패브릭,22mm,브레이드,,images/22_15.jpg,보이스캐디 Gift SET
마그넷 브레이드,보이스캐디 Gift SET,패브릭,22mm,마그네틱,,images/22_16.jpg,보이스캐디 Gift SET
버클 브레이드 스트랩,보이스캐디 Gift SET,패브릭,22mm,브레이드,,images/22_17.jpg,보이스캐디 Gift SET
마그넷 루프 스트랩,보이스캐디 Gift SET,패브릭,22mm,마그네틱,,images/22_18.jpg,보이스캐디 Gift SET
니트 스트랩,보이스캐디 Gift SET,패브릭,22mm,,,images/22_19.jpg,보이스캐디 Gift SET
스트래치 나일론 스트랩,보이스캐디 Gift SET,패브릭,22mm,,,images/22_20.jpg,보이스캐디 Gift SET
풀텝 스포츠루프,보이스캐디 Gift SET,패브릭,22mm,스포츠루프,,images/22_21.jpg,보이스캐디 Gift SET
후크형 트레일 패브릭 나일론 스트랩,보이스캐디 Gift SET,패브릭,22mm,,,images/22_22.jpg,보이스캐디 Gift SET
메탈 스트랩,보이스캐디 Gift SET,메탈,22mm,,,images/22_23.jpg,보이스캐디 Gift SET
(버클) 슬림 메탈 스트랩,보이스캐디 Gift SET,메탈,22mm,버클,,images/22_24.jpg,보이스캐디 Gift SET
일반형 디버클 마그네틱 메탈 스트랩,보이스캐디 Gift SET,메탈,22mm,디버클(마그네틱),,images/22_25.jpg,보이스캐디 Gift SET
스틸 스트랩,보이스캐디 Gift SET,메탈,22mm,,,images/22_26.jpg,보이스캐디 Gift SET
슬림 스틸 스트랩,보이스캐디 Gift SET,메탈,22mm,,,images/22_27.jpg,보이스캐디 Gift SET
쥬빌레 스트랩,보이스캐디 Gift SET,메탈,22mm,,,images/22_28.jpg,보이스캐디 Gift SET
체인 스틸 스트랩,보이스캐디 Gift SET,메탈,22mm,,,images/22_29.jpg,보이스캐디 Gift SET
싱글 체인 레더 스트랩,보이스캐디 Gift SET,가죽,22mm,,,images/22_30.jpg,보이스캐디 Gift SET
레더 체인 스틸 스트랩,보이스캐디 Gift SET,가죽,22mm,,,images/22_31.jpg,보이스캐디 Gift SET
샤인 큐빅 메탈 스트랩,보이스캐디 Gift SET,메탈,22mm,,,images/22_32.jpg,보이스캐디 Gift SET
샤인 큐빅 트리플 스트랩,보이스캐디 Gift SET,메탈,22mm,,,images/22_33.jpg,보이스캐디 Gift SET
샤인 큐빅 슬림 브레이슬릿 스트랩,보이스캐디 Gift SET,가죽,22mm,,,images/22_34.jpg,보이스캐디 Gift SET
싱글 투어 레더 스트랩,보이스캐디 Gift SET,가죽,22mm,,,images/22_35.jpg,보이스캐디 Gift SET
슬림 레더 스트랩,보이스캐디 Gift SET,가죽,22mm,,,images/22_36.jpg,보이스캐디 Gift SET
빈티지 레더 스트랩,보이스캐디 Gift SET,가죽,22mm,,,images/22_37.jpg,보이스캐디 Gift SET
마그네틱 디버클 슬림 레더 스트랩,보이스캐디 Gift SET,가죽,22mm,디버클(마그네틱),,images/22_38.jpg,보이스캐디 Gift SET
코도반,보이스캐디 Gift SET,가죽,22mm,,,images/22_39.jpg,보이스캐디 Gift SET
컴포트핏 버클 나일론 실리콘 스트랩 22mm (*가제),보이스캐디 Gift SET,나일론,22mm,버클,,images/22_40.jpg,보이스캐디 Gift SET
컴포트핏 디버클 나일론 실리콘 스트랩 22mm (*가제),보이스캐디 Gift SET,나일론,22mm,디버클(마그네틱),,images/22_41.jpg,보이스캐디 Gift SET
모노핏 프리미엄 마그네틱 버클 나일론 스트랩,보이스캐디 Gift SET,나일론,22mm,마그네틱,,images/22_42.jpg,보이스캐디 Gift SET
브리즈 포우 레더 스트랩,보이스캐디 Gift SET,가죽,22mm,,,images/22_43.jpg,보이스캐디 Gift SET
에어 위브 프리미엄 마그네틱 버클 나일론 스트랩,보이스캐디 Gift SET,나일론,22mm,마그네틱,,images/22_44.jpg,보이스캐디 Gift SET
에어 슬로프 밸크로 패브릭 나일론 스트랩,보이스캐디 Gift SET,패브릭,22mm,벨크로,,images/22_45.jpg,보이스캐디 Gift SET
러너 스피드 실리콘 스트랩,보이스캐디 Gift SET,실리콘,22mm,,,images/22_46.jpg,보이스캐디 Gift SET
포우 레더 메탈 버클 마그넷 링크 스트랩 22mm,보이스캐디 Gift SET,가죽,22mm,마그네틱,,images/22_47.jpg,보이스캐디 Gift SET
에어핏 스포츠 버튼 투톤 실리콘 스트랩,보이스캐디 Gift SET,실리콘,22mm,버튼,,images/22_48.jpg,보이스캐디 Gift SET
크로코 클래식 포우 레더 스트랩,보이스캐디 Gift SET,가죽,22mm,,,images/22_49.jpg,보이스캐디 Gift SET
투톤 베이직 실리콘 스트랩,보이스캐디 Gift SET,실리콘,22mm,,,images/22_50.jpg,보이스캐디 Gift SET
퓨어 글리터 젤리 투명 스트랩 22mm,보이스캐디 Gift SET,TPU,22mm,,,images/22_51.jpg,보이스캐디 Gift SET
스퍼트 투톤 버클 실리콘 스트랩 22mm,보이스캐디 Gift SET,실리콘,22mm,버클,,images/22_52.jpg,보이스캐디 Gift SET
플렉서블 링크 브레이슬릿 스틸 스트랩 22mm,보이스캐디 Gift SET,스틸,22mm,,,images/22_53.jpg,보이스캐디 Gift SET
후크 투톤 패브릭 나일론 스트랩 22mm (*구 알파인루프 디자인),보이스캐디 Gift SET,패브릭,22mm,루프,,images/22_54.jpg,보이스캐디 Gift SET
듀얼 쉐이드 마그네틱 실리콘 스트랩 22mm,보이스캐디 Gift SET,실리콘,22mm,마그네틱,,images/22_55.jpg,보이스캐디 Gift SET
오션 실리콘 스트랩 22mm,보이스캐디 Gift SET,실리콘,22mm,,,images/22_56.jpg,보이스캐디 Gift SET
런 스플릿 실리콘 스트랩 22mm,보이스캐디 Gift SET,실리콘,22mm,,,images/22_57.jpg,보이스캐디 Gift SET
에어그리드 애슬레틱 버튼 실리콘 스트랩 22mm,보이스캐디 Gift SET,실리콘,22mm,버튼,,images/22_58.jpg,보이스캐디 Gift SET
버티컬 그리드 애슬레틱 실리콘 스트랩 22mm,보이스캐디 Gift SET,실리콘,22mm,,,images/22_59.jpg,보이스캐디 Gift SET
플렉스 니트 하이브리드 버클 나일론 실리콘 스트랩 22mm,보이스캐디 Gift SET,하이브리드,22mm,버클,,images/22_60.jpg,보이스캐디 Gift SET
데님 스티치 하이브리드 디버클 나일론 실리콘 스트랩 22mm,보이스캐디 Gift SET,하이브리드,22mm,디버클(마그네틱),,images/22_61.jpg,보이스캐디 Gift SET
매트 그레인 마그넷 링크 실리콘 스트랩 22mm,보이스캐디 Gift SET,실리콘,22mm,마그네틱,,images/22_62.jpg,보이스캐디 Gift SET
멜로우 플레인 버클 TPU 젤리 스트랩 22mm,보이스캐디 Gift SET,TPU,22mm,버클,,images/22_63.jpg,보이스캐디 Gift SET
듀오 매트 그레인 마그넷 링크 실리콘 스트랩 22mm,보이스캐디 Gift SET,실리콘,22mm,마그네틱,,images/22_64.jpg,보이스캐디 Gift SET
블로키 메탈 버클 실리콘 스트랩 22mm,보이스캐디 Gift SET,실리콘,22mm,버클,,images/22_65.jpg,보이스캐디 Gift SET
매시브 메탈 버클 실리콘 스트랩 22mm,보이스캐디 Gift SET,실리콘,22mm,버클,,images/22_66.jpg,보이스캐디 Gift SET
