name,model,material,size,buckle,color,image,store_url,sort
듀오 매트 그레인 마그넷 링크 실리콘 스트랩 14mm,공용,실리콘,14mm,마그네틱,,,,1
오리진 실리콘 스트랩 18mm,공용,패브릭,18mm,벨크로,,,,2
새들 스티치 포우 레더 스트랩 18mm,공용,가죽,18mm,버클,,,,3
모노 스트랩 (스포츠루프),공용,패브릭,20mm,벨크로,,,,4
풀탭 스포츠루프 스트랩,공용,패브릭,20mm,벨크로,,,,5
마일드 트레일 루프 스트랩,공용,패브릭,20mm,루프,,,,6
후크형 트레일 패브릭 나일론 스트랩,공용,패브릭,20mm,,,,,7
알파인 스트랩,공용,패브릭,20mm,,,,,8
후크 투톤 패브릭 나일론 스트랩 (*구 알파인 루프 스트랩 리뉴얼 형),공용,패브릭,20mm,루프,,,,9
브레이드 스트랩 ( 기존 25 컬러),공용,패브릭,20mm,브레이드,,,,10
브레이드 스트랩 ( 신규 12 컬러),공용,패브릭,20mm,브레이드,,,,11
마그넷 루프 *플라스틱,공용,패브릭,20mm,마그네틱,,,,12
(버클형)마그넷 브레이드 스트랩,공용,패브릭,20mm,마그네틱,,,,13
버클형 파스텔 스트랩,공용,패브릭,20mm,버클,,,,14
버클 브레이드 스트랩,공용,패브릭,20mm,브레이드,,,,15
니트 스트랩,공용,패브릭,20mm,,,,,16
프리미엄 마그네틱 버클형 브레이드 스트랩,공용,패브릭,20mm,마그네틱,,,,17
나토 밴드,공용,패브릭,20mm,나토,,,,18
베이직 실리콘 스트랩,공용,실리콘,20mm,,,,,19
버튼 베이직 실리콘 스트랩,공용,실리콘,20mm,버튼,,,,20
스포티 실리콘 스트랩,공용,실리콘,20mm,,,,,21
버튼형 스포티 스트랩,공용,실리콘,20mm,버튼,,,,22
어반 실리콘 스트랩,공용,실리콘,20mm,,,,,23
디버클 마그네틱 실리콘 스트랩,공용,실리콘,20mm,마그네틱,,,,24
소프트 마그넷 링크 실리콘 스트랩,공용,실리콘,20mm,마그네틱,,,,25
와플 패턴 실리콘 스트랩,공용,실리콘,20mm,,,,,26
스트릿 엣지 실리콘 스트랩,공용,실리콘,20mm,,,,,27
디버클 블랜드 투톤 실리콘 스트랩,공용,실리콘,20mm,마그네틱,,,,28
디버틀 오션 실리콘 스트랩,공용,실리콘,20mm,,,,,29
메탈 스트랩,공용,메탈,20mm,,,,,30
버클형 슬림 메탈 밀레니즈 스트랩,공용,메탈,20mm,버클,,,,31
일반형 디버클 마그네틱 메탈 스트랩,공용,메탈,20mm,마그네틱,"블랙,실버,골드,로즈골드,로즈핑크,크림",,,32
스틸 스트랩,공용,메탈,20mm,,,,,33
슬림 스틸 스트랩,공용,메탈,20mm,,,https://heyjyu.github.io/spaceshied-catalog/images/03_32.jpg,,34
쥬빌레 메탈 스트랩,공용,메탈,20mm,,,,,35
큐빅 글리터 메탈 스트랩,공용,메탈,20mm,,,,,36
체인 큐빅 스트랩,공용,메탈,20mm,,,,,37
체인 스틸 스트랩,공용,메탈,20mm,,,,,38
헤링본 큐빅 메탈 스트랩,공용,메탈,20mm,,,,,39
샤인 큐빅 메탈 스트랩,공용,메탈,20mm,,,https://heyjyu.github.io/spaceshied-catalog/images/03_38.jpg,,40
샤인 큐빅 슬림 브레이슬릿 스트랩,공용,메탈,20mm,,,,,41
샤인 큐빅 트리플 메탈 스트랩,공용,메탈,20mm,,,,,42
더블 라인 큐빅 메탈 스트랩,공용,메탈,20mm,,,,,43
스퀘어 체인 메탈 스트랩,공용,메탈,20mm,,,,,44
싱글 체인 레더 스트랩,공용,가죽,20mm,,,,,45
레더 체인 스틸 스트랩,공용,가죽,20mm,,,,,46
일반형 싱글 투어 가죽 스트랩,공용,가죽,20mm,,,,,47
슬림 레더 가죽 스트랩,공용,가죽,20mm,,,,,48
디버클 슬림 레더 가죽 스트랩,공용,가죽,20mm,마그네틱,,,,49
모던 레더 가죽 스트랩,공용,가죽,20mm,,,,,50
빈티지 레더 가죽 스트랩,공용,가죽,20mm,,,,,51
가죽 링크 스트랩,공용,가죽,20mm,,,,,52
코도반 가죽 레더 스트랩,공용,가죽,20mm,,,,,53
컴포트 핏 버클 나일론 실리콘 스트랩,공용,실리콘,20mm,버클,,,,54
모노핏 프리미엄 마그네틱 버클 나일론 스트랩,공용,패브릭,20mm,디버클(마그네틱),,https://heyjyu.github.io/spaceshied-catalog/images/03_53.jpg,,55
에어핏 스포츠 버튼 투톤 실리콘 스트랩,공용,실리콘,20mm,버튼,,https://heyjyu.github.io/spaceshied-catalog/images/03_54.jpg,,56
블랙 버클 펀칭 실리콘 스트랩,공용,실리콘,20mm,버클,,https://heyjyu.github.io/spaceshied-catalog/images/03_55.jpg,,57
에어 위브 프리미엄 마그네틱 버클 나일론 스트랩,공용,나일론,20mm,마그네틱,,https://heyjyu.github.io/spaceshied-catalog/images/03_56.jpg,,58
에어 슬로프 밸크로 패브릭 나일론 스트랩,공용,나일론,20mm,벨크로,,https://heyjyu.github.io/spaceshied-catalog/images/03_57.jpg,,59
포우 레더 메탈 버클 마그넷 링크 스트랩,공용,가죽,20mm,마그네틱,,https://heyjyu.github.io/spaceshied-catalog/images/03_58.jpg,,60
투톤 베이직 실리콘 스트랩,공용,실리콘,20mm,버클,,https://heyjyu.github.io/spaceshied-catalog/images/03_59.jpg,,61
스무스 릿지 실리콘 스트랩,공용,실리콘,20mm,버클,,https://heyjyu.github.io/spaceshied-catalog/images/03_60.jpg,,62
퓨어 글리터 젤리 투명 스트랩,공용,TPU,20mm,버클,,https://heyjyu.github.io/spaceshied-catalog/images/03_61.jpg,,63
크로코 클래식 포우 레더 스트랩,공용,가죽,20mm,버클,,https://heyjyu.github.io/spaceshied-catalog/images/03_62.jpg,,64
스퍼트 투톤 버클 실리콘 스트랩,공용,실리콘,20mm,버클,,https://heyjyu.github.io/spaceshied-catalog/images/03_63.jpg,,65
트위스트 체인 메탈 스트랩,공용,메탈,20mm,체인,,https://heyjyu.github.io/spaceshied-catalog/images/03_64.jpg,,66
러너 스피드 실리콘 스트랩,공용,실리콘,20mm,,,https://heyjyu.github.io/spaceshied-catalog/images/03_65.jpg,,67
매트 그레인 마그넷 링크 실리콘 스트랩 20mm,공용,실리콘,20mm,마그네틱,,https://heyjyu.github.io/spaceshied-catalog/images/03_66.jpg,,68
듀오 매트 그레인 마그넷 링크 실리콘 스트랩 20mm,공용,실리콘,20mm,마그네틱,,https://heyjyu.github.io/spaceshied-catalog/images/03_67.jpg,,69
하트 캔디 팝 비즈 스트랩 20mm,공용,비즈,20mm,,,https://heyjyu.github.io/spaceshied-catalog/images/03_68.jpg,,70
스트라이프 엣지 마그넷 링크 실리콘 스트랩 20mm,공용,실리콘,20mm,마그네틱,,https://heyjyu.github.io/spaceshied-catalog/images/03_69.jpg,,71
데님 스티치 하이브리드 디버클 나일론 실리콘 스트랩 20mm,공용,실리콘,20mm,디버클(마그네틱),,https://heyjyu.github.io/spaceshied-catalog/images/03_70.jpg,,72
듀오링 스포츠 나일론 스트랩 (*기종별),공용,패브릭,20mm,,,https://heyjyu.github.io/spaceshied-catalog/images/03_71.jpg,,73
투명 크리스탈 스트랩 20mm,공용,PC,20mm,,,,,74
투톤 펀칭 실리콘 스트랩 22mm,공용,실리콘,20mm,,,,,75
베이직 실리콘 스트랩,공용,실리콘,22mm,,,,,76
버튼 베이직 실리콘 스트랩,공용,실리콘,22mm,버튼,,https://heyjyu.github.io/spaceshied-catalog/images/04_3.jpg,,77
버튼 스포티 스트랩,공용,실리콘,22mm,버튼,,https://heyjyu.github.io/spaceshied-catalog/images/04_4.jpg,,78
디버클 마그네틱 스포티 실리콘 스트랩,공용,실리콘,22mm,디버클(마그네틱),,https://heyjyu.github.io/spaceshied-catalog/images/04_5.jpg,,79
어반 실리콘 스트랩,공용,실리콘,22mm,,,https://heyjyu.github.io/spaceshied-catalog/images/04_6.jpg,,80
디버클 마그네틱 실리콘 스트랩,공용,실리콘,22mm,디버클(마그네틱),,https://heyjyu.github.io/spaceshied-catalog/images/04_7.jpg,,81
펀칭 실리콘 스트랩 (*실버 버클),공용,실리콘,22mm,버클,,https://heyjyu.github.io/spaceshied-catalog/images/04_8.jpg,,82
와플 패턴 실리콘 스트랩,공용,실리콘,22mm,,,https://heyjyu.github.io/spaceshied-catalog/images/04_9.jpg,,83
스트릿 엣지 실리콘 스트랩,공용,실리콘,22mm,,,https://heyjyu.github.io/spaceshied-catalog/images/04_10.jpg,,84
소프트 마그넷 링크 실리콘 스트랩,공용,실리콘,22mm,마그네틱,,https://heyjyu.github.io/spaceshied-catalog/images/04_11.jpg,,85
디버클 블랜드 투톤 실리콘 스트랩,공용,실리콘,22mm,디버클(마그네틱),,https://heyjyu.github.io/spaceshied-catalog/images/04_12.jpg,,86
디버클 오션 실리콘 스트랩,공용,실리콘,22mm,디버클(마그네틱),,https://heyjyu.github.io/spaceshied-catalog/images/04_13.jpg,,87
모노 스트랩 (스포츠루프),공용,패브릭,22mm,스포츠루프,,https://heyjyu.github.io/spaceshied-catalog/images/04_14.jpg,,88
브레이드 스트랩,공용,패브릭,22mm,브레이드,,https://heyjyu.github.io/spaceshied-catalog/images/04_15.jpg,,89
마그넷 브레이드,공용,패브릭,22mm,마그네틱,,https://heyjyu.github.io/spaceshied-catalog/images/04_16.jpg,,90
버클 브레이드 스트랩,공용,패브릭,22mm,브레이드,,https://heyjyu.github.io/spaceshied-catalog/images/04_17.jpg,,91
마그넷 루프 스트랩,공용,패브릭,22mm,마그네틱,,https://heyjyu.github.io/spaceshied-catalog/images/04_18.jpg,,92
니트 스트랩,공용,패브릭,22mm,,,https://heyjyu.github.io/spaceshied-catalog/images/04_19.jpg,,93
스트래치 나일론 스트랩,공용,패브릭,22mm,,,https://heyjyu.github.io/spaceshied-catalog/images/04_20.jpg,,94
풀텝 스포츠루프,공용,패브릭,22mm,스포츠루프,,https://heyjyu.github.io/spaceshied-catalog/images/04_21.jpg,,95
후크형 트레일 패브릭 나일론 스트랩,공용,패브릭,22mm,,,https://heyjyu.github.io/spaceshied-catalog/images/04_22.jpg,,96
메탈 스트랩,공용,메탈,22mm,,,https://heyjyu.github.io/spaceshied-catalog/images/04_23.jpg,,97
(버클) 슬림 메탈 스트랩,공용,메탈,22mm,버클,,https://heyjyu.github.io/spaceshied-catalog/images/04_24.jpg,,98
일반형 디버클 마그네틱 메탈 스트랩,공용,메탈,22mm,디버클(마그네틱),,https://heyjyu.github.io/spaceshied-catalog/images/04_25.jpg,,99
스틸 스트랩 (*구버전),공용,스틸,22mm,,,https://heyjyu.github.io/spaceshied-catalog/images/04_26.jpg,,100
알파 프레스티지 스틸 스트랩 (*스틸 스트랩의 신 버전),공용,스틸,22mm,,,https://heyjyu.github.io/spaceshied-catalog/images/04_27.jpg,,101
슬림 스틸 스트랩,공용,메탈,22mm,,,,,102
쥬빌레 스틸 스트랩,공용,메탈,22mm,,,https://heyjyu.github.io/spaceshied-catalog/images/04_29.jpg,,103
체인 스틸 스트랩,공용,메탈,22mm,,,https://heyjyu.github.io/spaceshied-catalog/images/04_30.jpg,,104
싱글 체인 레더 스트랩,공용,가죽,22mm,,,https://heyjyu.github.io/spaceshied-catalog/images/04_31.jpg,,105
레더 체인 스틸 스트랩,공용,가죽,22mm,,,https://heyjyu.github.io/spaceshied-catalog/images/04_32.jpg,,106
샤인 큐빅 메탈 스트랩,공용,메탈,22mm,,,https://heyjyu.github.io/spaceshied-catalog/images/04_33.jpg,,107
샤인 큐빅 트리플 스트랩,공용,메탈,22mm,,,https://heyjyu.github.io/spaceshied-catalog/images/04_34.jpg,,108
샤인 큐빅 슬림 브레이슬릿 스트랩,공용,가죽,22mm,,,https://heyjyu.github.io/spaceshied-catalog/images/04_35.jpg,,109
싱글 투어 레더 스트랩,공용,가죽,22mm,,,https://heyjyu.github.io/spaceshied-catalog/images/04_36.jpg,,110
슬림 레더 스트랩,공용,가죽,22mm,,,https://heyjyu.github.io/spaceshied-catalog/images/04_37.jpg,,111
빈티지 레더 스트랩,공용,가죽,22mm,,,https://heyjyu.github.io/spaceshied-catalog/images/04_38.jpg,,112
마그네틱 디버클 슬림 레더 스트랩,공용,가죽,22mm,디버클(마그네틱),,https://heyjyu.github.io/spaceshied-catalog/images/04_39.jpg,,113
코도반 가죽 레더 스트랩,공용,가죽,22mm,,,https://heyjyu.github.io/spaceshied-catalog/images/04_40.jpg,,114
컴포트 핏 버클 나일론 실리콘 스트랩 22mm,공용,나일론,22mm,버클,,https://heyjyu.github.io/spaceshied-catalog/images/04_41.jpg,,115
컴포트 핏 디버클 나일론 실리콘 스트랩 22mm,공용,나일론,22mm,디버클(마그네틱),,https://heyjyu.github.io/spaceshied-catalog/images/04_42.jpg,,116
모노핏 프리미엄 마그네틱 버클 나일론 스트랩,공용,나일론,22mm,마그네틱,,https://heyjyu.github.io/spaceshied-catalog/images/04_43.jpg,,117
브리즈 포우 레더 스트랩,공용,가죽,22mm,,,,,118
에어 위브 프리미엄 마그네틱 버클 나일론 스트랩,공용,나일론,22mm,마그네틱,,https://heyjyu.github.io/spaceshied-catalog/images/04_45.jpg,,119
에어 슬로프 밸크로 패브릭 나일론 스트랩,공용,패브릭,22mm,벨크로,,https://heyjyu.github.io/spaceshied-catalog/images/04_46.jpg,,120
러너 스피드 실리콘 스트랩 (*570의 정품 디자인 호환),공용,실리콘,22mm,,,https://heyjyu.github.io/spaceshied-catalog/images/04_47.jpg,,121
포우 레더 메탈 버클 마그넷 링크 스트랩 22mm,공용,가죽,22mm,마그네틱,,https://heyjyu.github.io/spaceshied-catalog/images/04_48.jpg,,122
에어핏 스포츠 버튼 투톤 실리콘 스트랩,공용,실리콘,22mm,버튼,,https://heyjyu.github.io/spaceshied-catalog/images/04_49.jpg,,123
크로코 클래식 포우 레더 스트랩,공용,가죽,22mm,,"블랙, 미드나잇블루, 래드, 핑크, 화이트,브라운, 초코브라운",,,124
투톤 베이직 실리콘 스트랩,공용,실리콘,22mm,,,https://heyjyu.github.io/spaceshied-catalog/images/04_51.jpg,,125
퓨어 글리터 젤리 투명 스트랩 22mm,공용,TPU,22mm,,,https://heyjyu.github.io/spaceshied-catalog/images/04_52.jpg,,126
스퍼트 투톤 버클 실리콘 스트랩 22mm,공용,실리콘,22mm,버클,"블랙그레이, 미드나잇화이트, 화이트블랙 불랙옐로우, 레드블랙, 카키블랙 민트미드나잇, 라임블랙",https://heyjyu.github.io/spaceshied-catalog/images/04_53.jpg,,127
플렉서블 링크 프레스티지 티타늄 스트랩 22mm,공용,티타늄,22mm,,"블랙,실버 티타늄,그레이티타늄",https://heyjyu.github.io/spaceshied-catalog/images/04_54.jpg,,128
플렉서블 링크 프레스티지 스틸 스트랩 22mm,공용,스틸,22mm,,,https://heyjyu.github.io/spaceshied-catalog/images/04_55.jpg,,129
후크 투톤 패브릭 나일론 스트랩 22mm (*구 알파인루프 디자인),공용,패브릭,22mm,루프,🔴 4컬러 미입고,https://heyjyu.github.io/spaceshied-catalog/images/04_56.jpg,,130
듀얼 쉐이드 마그네틱 실리콘 스트랩 22mm,공용,실리콘,22mm,마그네틱,,https://heyjyu.github.io/spaceshied-catalog/images/04_57.jpg,,131
오션 실리콘 스트랩 22mm,공용,실리콘,22mm,,,,,132
런 스플릿 투톤 실리콘 스트랩 22mm,공용,실리콘,22mm,,,https://heyjyu.github.io/spaceshied-catalog/images/04_59.jpg,,133
에어 그리드 애슬레틱 버튼 실리콘 스트랩 22mm,공용,실리콘,22mm,버튼,,https://heyjyu.github.io/spaceshied-catalog/images/04_60.jpg,,134
버티컬 그리드 애슬레틱 실리콘 스트랩 22mm,공용,실리콘,22mm,,,https://heyjyu.github.io/spaceshied-catalog/images/04_61.jpg,,135
플렉스 니트 하이브리드 버클 나일론 실리콘 스트랩 22mm,공용,하이브리드,22mm,버클,,https://heyjyu.github.io/spaceshied-catalog/images/04_62.jpg,,136
데님 스티치 하이브리드 디버클 나일론 실리콘 스트랩 22mm,공용,하이브리드,22mm,디버클(마그네틱),,https://heyjyu.github.io/spaceshied-catalog/images/04_63.jpg,,137
매트 그레인 마그넷 링크 실리콘 스트랩 22mm,공용,실리콘,22mm,마그네틱,,https://heyjyu.github.io/spaceshied-catalog/images/04_64.jpg,,138
멜로우 플레인 버클 TPU 젤리 스트랩 22mm,공용,TPU,22mm,버클,,https://heyjyu.github.io/spaceshied-catalog/images/04_65.jpg,,139
듀오 매트 그레인 마그넷 링크 실리콘 스트랩 22mm,공용,실리콘,22mm,마그네틱,,https://heyjyu.github.io/spaceshied-catalog/images/04_66.jpg,,140
블로키 메탈 버클 실리콘 스트랩 22mm,공용,실리콘,22mm,버클,,https://heyjyu.github.io/spaceshied-catalog/images/04_67.jpg,,141
매시브 메탈 버클 실리콘 스트랩 22mm,공용,실리콘,22mm,버클,,https://heyjyu.github.io/spaceshied-catalog/images/04_68.jpg,,142
프레스티지 퍼포먼스 듀얼 컴파운드 실리콘 티타늄 스트랩 22mm,공용,티타늄,22mm,,,,,143
하트 캔디 팝 비즈 스트랩 22mm,공용,비즈,22mm,,,https://heyjyu.github.io/spaceshied-catalog/images/04_70.jpg,,144
퀄팅 스티치 디버클 포우 레더 스트랩 22mm,공용,가죽,22mm,디버클(마그네틱),,https://heyjyu.github.io/spaceshied-catalog/images/04_71.jpg,,145
스트라이프 엣지 마그넷 링크 실리콘 스트랩 22mm,공용,실리콘,22mm,마그네틱,,https://heyjyu.github.io/spaceshied-catalog/images/04_72.jpg,,146
투톤 블로키 버클 실리콘 스트랩 22mm,공용,실리콘,22mm,버클,,https://heyjyu.github.io/spaceshied-catalog/images/04_73.jpg,,147
오션 마그네틱 버클 프레스티지 스틸 스트랩 22mm,공용,스틸,22mm,마그네틱,,https://heyjyu.github.io/spaceshied-catalog/images/04_74.jpg,,148
와이트릭 마그넷 링크 메탈 스트랩 22mm,공용,스틸,22mm,마그네틱,,https://heyjyu.github.io/spaceshied-catalog/images/04_75.jpg,,149
세그먼트 마그넷 링크 실리콘 스트랩 22mm,공용,실리콘,22mm,마그네틱,,https://heyjyu.github.io/spaceshied-catalog/images/04_76.jpg,,150
투명 크리스탈 스트랩 22mm,공용,PC,22mm,,,https://heyjyu.github.io/spaceshied-catalog/images/04_77.jpg,,151
러닝 마스터 스포츠 실리콘 스트랩 22mm,공용,실리콘,22mm,,,https://heyjyu.github.io/spaceshied-catalog/images/04_78.jpg,,152
런 업 스트래치 밸크로 패브릭 나일론 스트랩 22mm,공용,패브릭,22mm,,,https://heyjyu.github.io/spaceshied-catalog/images/04_79.jpg,,153
듀오링 스포츠 나일론 스트랩 22mm,공용,패브릭,22mm,,,https://heyjyu.github.io/spaceshied-catalog/images/04_80.jpg,,154
알파 프레스티지 스틸 스트랩 22mm,공용,스틸,22mm,,,https://heyjyu.github.io/spaceshied-catalog/images/04_81.jpg,,155
투톤 펀칭 실리콘 스트랩 22mm,공용,실리콘,22mm,,,https://heyjyu.github.io/spaceshied-catalog/images/04_82.jpg,,156
듀오 스트라이프 스티치 디버클 포우 레더 스트랩 22mm 🔴 단종 확정 스트랩,공용,가죽,22mm,디버클(마그네틱),,https://heyjyu.github.io/spaceshied-catalog/images/04_83.jpg,,157
후크 투톤 패브릭 나일론 스트랩 24mm,공용,패브릭,24mm,벨크로,,,,158
마일드 트레일 패브릭 나일론 스트랩 24mm,공용,패브릭,24mm,버클,,,,159
와일드 스포츠 패브릭 나일론 스트랩 24mm,공용,패브릭,24mm,버클,,https://heyjyu.github.io/spaceshied-catalog/images/05_4.jpg,,160
프레스티지 퍼포먼스 듀얼 컴파운드 실리콘 티타늄 스트랩 논점 🔔네이밍 기준 어긋남,프레스티지 라인업,티타늄,,,,,,161
알파 프레스티지 스틸 스트랩 *구_ 스틸 스트랩,프레스티지 라인업,스틸,,,,https://heyjyu.github.io/spaceshied-catalog/images/06_3.jpg,,162
베이직 링크 프레스티지 스틸 스트랩 *버터플라이 체결방식,프레스티지 라인업,스틸,,,,,,163
베이직 링크 프레스티지 티타늄 스트랩 *버터플라이 체결방식,프레스티지 라인업,티타늄,,,,https://heyjyu.github.io/spaceshied-catalog/images/06_5.jpg,,164
마그네틱 버클 링크 프레스티지 스틸 스트랩 *마그네틱 버클 체결 방식,프레스티지 라인업,스틸,,마그네틱,,,,165
마그네틱 링크 프레스티지 티타늄 스트랩 *마그네틱 버클 체결 방식,프레스티지 라인업,티타늄,,마그네틱,,https://heyjyu.github.io/spaceshied-catalog/images/06_7.jpg,,166
마그네틱 버클 링크 프레스티지 스틸 스트랩 * 마그네틱 +모듈 체결 방식,프레스티지 라인업,스틸,,마그네틱,,,,167
마그네틱 버클 링크 프레스티지 티타늄 스트랩 * 마그네틱 +모듈 체결 방식,프레스티지 라인업,티타늄,,마그네틱,,https://heyjyu.github.io/spaceshied-catalog/images/06_9.jpg,,168
플렉서블 링크 프레스티지 티타늄 스트랩,프레스티지 라인업,티타늄,,,,https://heyjyu.github.io/spaceshied-catalog/images/06_10.jpg,,169
플렉서블 링크 프레스티지 스틸 스트랩,프레스티지 라인업,스틸,,,,https://heyjyu.github.io/spaceshied-catalog/images/06_11.jpg,,170
오션 마그네틱 버클 프레스티지 스틸 스트랩,프레스티지 라인업,스틸,,마그네틱,,,,171
리갈 프레스티지 스틸 스트랩 *버터플라이 체결 방식,프레스티지 라인업,스틸,,,,https://heyjyu.github.io/spaceshied-catalog/images/06_13.jpg,,172
리갈 프레스티지 티타늄 스트랩 *버터플라이 체결 방식,프레스티지 라인업,티타늄,,,,https://heyjyu.github.io/spaceshied-catalog/images/06_14.jpg,,173
투 라인 프레스티지 버터플라이 버클 일체형 스틸 스트랩,프레스티지 라인업,스틸,,일체형,,https://heyjyu.github.io/spaceshied-catalog/images/06_15.jpg,,174
오션 마그네틱 버클 프레스티지 스테인레스 스트랩,프레스티지 라인업,,,마그네틱,,https://heyjyu.github.io/spaceshied-catalog/images/06_16.jpg,,175
브레이드 솔로루프 스트랩,애플워치,패브릭,,일체형,,https://heyjyu.github.io/spaceshied-catalog/images/07_2.jpg,,176
트레일 스포츠 루프,애플워치,패브릭,,스포츠루프,,https://heyjyu.github.io/spaceshied-catalog/images/07_3.jpg,,177
밀레니즈 루프 스트랩,애플워치,메탈,,루프,,https://heyjyu.github.io/spaceshied-catalog/images/07_4.jpg,,178
슬림 밀레니즈 루프 스트랩,애플워치,메탈,,루프,,https://heyjyu.github.io/spaceshied-catalog/images/07_5.jpg,,179
모던 핏 스틸 스트랩,애플워치,스틸,,,,https://heyjyu.github.io/spaceshied-catalog/images/07_6.jpg,,180
프리미엄 슬림 모던 핏 스틸 스트랩,애플워치,스틸,,,,https://heyjyu.github.io/spaceshied-catalog/images/07_7.jpg,,181
쥬빌레 스트랩,애플워치,스틸,,,,https://heyjyu.github.io/spaceshied-catalog/images/07_8.jpg,,182
슬림 쥬빌레,애플워치,스틸,,,,https://heyjyu.github.io/spaceshied-catalog/images/07_9.jpg,,183
클리어 스트랩,애플워치,PC,,,,https://heyjyu.github.io/spaceshied-catalog/images/07_10.jpg,,184
클리어 체인 스트랩,애플워치,PC,,,,https://heyjyu.github.io/spaceshied-catalog/images/07_11.jpg,,185
일체형 클리어 스트랩,애플워치,TPU,,일체형,,https://heyjyu.github.io/spaceshied-catalog/images/07_12.jpg,,186
크리스탈 큐빅 브레이슬릿 스트랩,애플워치,스틸,,,,https://heyjyu.github.io/spaceshied-catalog/images/07_13.jpg,,187
크리스탈 큐빅 스트랩,애플워치,스틸,,,,https://heyjyu.github.io/spaceshied-catalog/images/07_14.jpg,,188
체인 모던핏 스트랩,애플워치,스틸,,,,https://heyjyu.github.io/spaceshied-catalog/images/07_15.jpg,,189
오션 실리콘 스트랩,애플워치,실리콘,,,,https://heyjyu.github.io/spaceshied-catalog/images/07_16.jpg,,190
버튼 실리콘 스트랩,애플워치,실리콘,,버튼,,https://heyjyu.github.io/spaceshied-catalog/images/07_17.jpg,,191
https://detail.1688.com/offer/1015528539845.html?share_token=MgjPiHEQhJDIWF2CiWu1GEO3vWAWlEjmqYmLtluErdDxKNftO8HgNQ%3D%3D&__share_id=17f09bd1-747c-47a5-a388-4f9559847ad0&rpg-cnt=share.offerDetail&offerId=1015528539845&__zhi_token=yh8yhO500zrak&spm=a262eq.8992535%2F20260305.5103953.0&forcePC=1772666352023,애플워치,,,,,https://heyjyu.github.io/spaceshied-catalog/images/07_18.jpg,,192
에어 슬로프 밸크로 패브릭 나일론 스트랩,화웨이 워치 핏4,패브릭,,벨크로,"블랙,실버,미드나잇블루 블루,핑크,오렌지 샌드핑크,스카이,라벤더 버건디,카키,올리브 스타라이트 하이퍼핑크,세이지민트 ⬇️ 네이버 단독 (4) 초코브라운, 레몬옐로우, 더스티네이비,더스티민트",https://heyjyu.github.io/spaceshied-catalog/images/08_2.jpg,,193
매트 그레인 마그넷 링크 실리콘 스트랩,화웨이 워치 핏4,실리콘,,마그네틱,"블랙, 미드나잇블루, 다크그레이, 스타라이트, 스타오렌지, 스타스카이, 샌드스타라이트, 레몬옐로우, 라임, 버건디블랙, 라벤더, 화이트",https://heyjyu.github.io/spaceshied-catalog/images/08_3.jpg,,194
메탈 스트랩,화웨이 워치 핏4,메탈,,,"블랙,실버,골드 로즈골드,로즈핑크,스타라이트",,,195
베이직 버클 실리콘 스트랩,화웨이 워치 핏4,실리콘,,버클,"블랙, 미드나잇블루, 실버 레드, 머스타드, 오렌지, 다크그린,올리브, 샌드핑크, 라벤더, 스타라이트, 화이트",https://heyjyu.github.io/spaceshied-catalog/images/08_5.jpg,,196
모션 트레드 버클 실리콘 스트랩,화웨이 워치 핏4,실리콘,,버클,"블랙,미드나잇블루,실버 레드,머스타드,오렌지 스카이,카키,버건디, 샌드핑크,라벤더,민트 다크그레이,화이트,스타라이트",,,197
디버클 마그네틱 메쉬홀 실리콘 스트랩,화웨이 워치 핏4,실리콘,,디버클(마그네틱),"블랙, 미드나잇블루, 실버, 오렌지, 카키, 올리브, 샌드핑크, 버건디, 스타라이트, 화이트",,,198
프리미엄 마그네틱 버클 브레이드 스트랩,화웨이 워치 핏4,패브릭,,마그네틱,"블랙, 미드나잇블루, 인디고, 스타라이트블랙, 스타라이트, 스타포인트, 샌드핑크, 체리블러썸, 솜사탕, 레인보우,레인보우블랙,레인보우B",https://heyjyu.github.io/spaceshied-catalog/images/08_8.jpg,,199
갤럭시 워치8 호환 샤인 큐빅 메탈 스트랩,갤럭시 워치8 러그형,메탈,22mm 스트랩 + 러그형 커넥터,,"블랙,실버,로즈골드",,,200
갤럭시 워치8 클래식 샤인 큐빅 메탈 스트랩,갤럭시 워치8 러그형,,,,,,,201
갤럭시 워치8 호환 샤인 큐빅 슬림 브레이슬릿 스트랩,갤럭시 워치8 러그형,메탈,22mm 스트랩 + 러그형 커넥터,,"실버,로즈골드",,,202
갤럭시 워치8 클래식 샤인 큐빅 슬림 브레이슬릿 스트랩,갤럭시 워치8 러그형,,,,,https://heyjyu.github.io/spaceshied-catalog/images/09_66.jpg,,203
갤럭시 워치8 호환 체인 스틸 스트랩,갤럭시 워치8 러그형,메탈,22mm 스트랩 + 러그형 커넥터,,"블랙,실버,로즈골드",,,204
갤럭시 워치8 클래식 체인 스틸 스트랩,갤럭시 워치8 러그형,,,,,,,205
갤럭시 워치8 호환 레더 체인 스틸 스트랩,갤럭시 워치8 러그형,메탈,22mm 스트랩 + 러그형 커넥터,,블랙+블랙 실버+블랙 실버+화이트 로즈골드+블랙 로즈골드+화이트,https://heyjyu.github.io/spaceshied-catalog/images/09_69.jpg,,206
갤럭시 워치8 클래식 레더 체인 스틸 스트랩,갤럭시 워치8 러그형,,,,,,,207
갤럭시 워치8 호환 샤인 큐빅 트리플 스트랩,갤럭시 워치8 러그형,메탈,22mm 스트랩 + 러그형 커넥터,,"실버,로즈골드",,,208
갤럭시 워치8 클래식 샤인 큐빅 트리플 스트랩,갤럭시 워치8 러그형,,,,,https://heyjyu.github.io/spaceshied-catalog/images/09_72.jpg,,209
갤럭시 워치8 호환 싱글 체인 레더 스트랩,갤럭시 워치8 러그형,메탈,22mm 스트랩 + 러그형 커넥터,,블랙 화이트 브라운 인디베이지,,,210
갤럭시 워치8 클래식 싱글 체인 레더 스트랩,갤럭시 워치8 러그형,,,,,,,211
갤럭시 워치8 호환 싱글 투어 레더 스트랩,갤럭시 워치8 러그형,가죽,22mm 스트랩 + 실버 러그형 커넥터,버클,매트화이트 오렌지 앰버 인디베이지 블랙콤비 인디고콤비 블루그레이콤비 핑크콤비,https://heyjyu.github.io/spaceshied-catalog/images/09_75.jpg,,212
갤럭시 워치8 클래식 싱글 투어 레더 스트랩,갤럭시 워치8 러그형,,,,,,,213
갤럭시 워치8 호환 슬림 레더 스트랩,갤럭시 워치8 러그형,가죽,22mm 스트랩 + 실버 러그형 커넥터,버클,블랙 화이트 브라운 라이트브라운 파스텔핑크 체리블러썸 라벤더 그레이 옐로우 민트,,,214
갤럭시 워치8 클래식 호환 슬림 레더 스트랩,갤럭시 워치8 러그형,,,,,https://heyjyu.github.io/spaceshied-catalog/images/09_78.jpg,,215
갤럭시 워치8 호환 마그네틱 디버클 슬림 레더 스트랩,갤럭시 워치8 러그형,가죽,22mm 스트랩 + 실버 러그형 커넥터,디버클(마그네틱),블랙 인디실버 스타라이트 라벤더 브라운 스타라이트&핑크 스타라이트&라벤더 스타라이트&브라운,,,216
갤럭시 워치8 클래식 마그네틱 디버클 슬림 레더 스트랩,갤럭시 워치8 러그형,,,디버클(마그네틱),,,,217
갤럭시 워치8 호환 빈티지 레더 스트랩,갤럭시 워치8 러그형,가죽,22mm 스트랩 + 실버 or 블랙 러그형 커넥터,버클,그레이 블랙 ➡ 얘만 블랙 커넥터 조합 그린 옐로우 브라운 오렌지브라운 네이비,https://heyjyu.github.io/spaceshied-catalog/images/09_81.jpg,,218
갤럭시 워치8 클래식 빈티지 레더 스트랩,갤럭시 워치8 러그형,,,,,,,219
갤럭시 워치8 호환 브리즈 포우 레더 스트랩,갤럭시 워치8 러그형,가죽,22mm 스트랩 + 실버 러그형 커넥터,버클,블랙레인보우 인디베이지 네이비 블랙다크그린 그레이블루 옐로우,,,220
갤럭시 워치8 클래식 호환 브리즈 포우 레더 스트랩,갤럭시 워치8 러그형,,,,,https://heyjyu.github.io/spaceshied-catalog/images/09_84.jpg,,221
갤럭시 워치8 호환 크로코 클래식 포우 레더 스트랩,갤럭시 워치8 러그형,가죽,22mm 스트랩 + 실버 러그형 커넥터,버클,블랙 미드나잇블루 레드 핑크 화이트 브라운 초코브라운,,,222
갤럭시 워치8 클래식 호환 크로코 클래식 포우 레더 스트랩,갤럭시 워치8 러그형,,,,,,,223
갤럭시 워치8 호환 컴포트 핏 버클 나일론 실리콘 스트랩,갤럭시 워치8 러그형,가죽,22mm 스트랩 + 실버 러그형 커넥터,버클,"블랙, 미드나잇블루,그레이, 카키, 블루그레이,스타라이트",https://heyjyu.github.io/spaceshied-catalog/images/09_87.jpg,,224
갤럭시 워치8 클래식 호환 컴포트 핏 버클 나일론 실리콘 스트랩,갤럭시 워치8 러그형,,,버클,,,,225
갤럭시 워치8 호환 컴포트 핏 디버클 나일론 실리콘 스트랩,갤럭시 워치8 러그형,가죽,22mm 스트랩 + 실버 러그형 커넥터,버클,"블랙, 그레이, 오렌지, 블루그레이, 카키",,,226
갤럭시 워치8 클래식 호환 컴포트 핏 디버클 나일론 실리콘 스트랩,갤럭시 워치8 러그형,,,디버클(마그네틱),,https://heyjyu.github.io/spaceshied-catalog/images/09_90.jpg,,227
갤럭시 워치8 호환 플렉스 니트 하이브리드 버클 나일론 실리콘 스트랩,갤럭시 워치8 러그형,가죽,22mm 스트랩 + 실버 러그형 커넥터,버클,"블랙,그레이블루,버건디 그레이스카이,틸블루,다크그린 스타라이트,인디베이지",,,228
갤럭시 워치8 클래식 호환 플렉스 니트 하이브리드 버클 나일론 실리콘 스트랩,갤럭시 워치8 러그형,,,버클,,,,229
갤럭시 워치8 호환 매트 그레인 마그넷 링크 실리콘 스트랩,갤럭시 워치8 러그형,실리콘,22mm 스트랩 + 실버 러그형 커넥터,마그네틱,"블랙, 블랙오렌지, 오렌지블랙, 미드나잇블루, 다크그레이, 카키블랙, 스타라이트, 스타오렌지, 스타스카이, 샌드스타라이트, 화이트, 라임",https://heyjyu.github.io/spaceshied-catalog/images/09_93.jpg,,230
갤럭시 워치8 클래식 호환 매트 그레인 마그넷 링크 실리콘 스트랩,갤럭시 워치8 러그형,,,마그네틱,,,,231
갤럭시 워치8 호환 스트라이프 엣지 마그넷 링크 실리콘 스트랩,갤럭시 워치8 러그형,실리콘,22mm 스트랩 + 실버 러그형 커넥터,마그네틱,,,,232
갤럭시 워치8 클래식 호환 스트라이프 엣지 마그넷 링크 실리콘 스트랩,갤럭시 워치8 러그형,,,마그네틱,,https://heyjyu.github.io/spaceshied-catalog/images/09_96.jpg,,233
갤럭시 워치8 호환 매시브 메탈 버클 실리콘 스트랩,갤럭시 워치8 러그형,실리콘,22mm 스트랩 + 실버 러그형 커넥터,버클,"블랙그레이,미드나잇화이트,블랙레드, 블랙오렌지,다크그레이오렌지,스타오렌지, 초코브라운,카키블랙,화이트블루",,,234
갤럭시 워치8 클래식 호환 매시브 메탈 버클 실리콘 스트랩,갤럭시 워치8 러그형,,,버클,,,,235
갤럭시 워치8 호환 듀오링 스포츠 나일론 스트랩,갤럭시 워치8 러그형,패브릭,22mm 스트랩 + 실버 러그형 커넥터,벨크로,"블랙, 미드나잇블루, 실버화이트, 옐로우, 펄핑크, 파파야, 알레스칸블루, 라임, 펄라임, 팬텀실버, 민트그린, 메이징크, 네온라임, 스모키로즈, 카모그린",https://heyjyu.github.io/spaceshied-catalog/images/09_99.jpg,,236
갤럭시 워치8 클래식 호환 듀오링 스포츠 나일론 스트랩,갤럭시 워치8 러그형,,,,,,,237
갤럭시 워치8 호환 에어 그리드 애슬레틱 버튼 실리콘 스트랩,갤럭시 워치8 러그형,실리콘,22mm 스트랩 + 실버 러그형 커넥터,버클,,,,238
갤럭시 워치8 클래식 호환 에어 그리드 애슬레틱 버튼 실리콘 스트랩,갤럭시 워치8 러그형,,,버튼,,https://heyjyu.github.io/spaceshied-catalog/images/09_102.jpg,,239
갤럭시 워치8 호환,갤럭시 워치8 러그형,,,,,,,240
갤럭시 워치8 클래식 호환,갤럭시 워치8 러그형,,,,,,,241
갤럭시 워치8 호환,갤럭시 워치8 러그형,,,,,https://heyjyu.github.io/spaceshied-catalog/images/09_105.jpg,,242
갤럭시 워치8 클래식 호환,갤럭시 워치8 러그형,,,,,,,243
갤럭시 워치8 호환 버클 파스텔 스트랩,갤럭시 워치8 러그형,패브릭,20mm 스트랩 + 실버 러그형 커넥터,버클,,https://heyjyu.github.io/spaceshied-catalog/images/09_108.jpg,,244
갤럭시 워치8 클래식 호환 버클 파스텔 스트랩,갤럭시 워치8 러그형,,,버클,,,,245
갤럭시 워치 울트라 호환 🟩🟩🟩 스트랩,갤럭시 울트라 47mm,,,,,,,246
갤럭시 워치 울트라 2025 호환 🟩🟩🟩🟩 스트랩,갤럭시 울트라 47mm,,,,,,,247
갤럭시 워치 울트라 호환 듀오링 스포츠 나일론 스트랩,갤럭시 울트라 47mm,,,,,https://heyjyu.github.io/spaceshied-catalog/images/10_6.jpg,,248
갤럭시 워치 울트라 2025 호환 듀오링 스포츠 나일론 스트랩,갤럭시 울트라 47mm,,,,,,,249
갤럭시 워치 울트라 호환 모딕 메쉬 메탈 스트랩,갤럭시 울트라 47mm,,,,,https://heyjyu.github.io/spaceshied-catalog/images/10_9.jpg,,250
갤럭시 워치 울트라 2025 호환 모딕 메쉬 메탈 스트랩,갤럭시 울트라 47mm,,,,,,,251
갤럭시 워치 울트라 호환 매시브 메탈 버클 실리콘 스트랩,갤럭시 울트라 47mm,,,버클,,https://heyjyu.github.io/spaceshied-catalog/images/10_12.jpg,,252
갤럭시 워치 울트라 2025 호환 매시브 메탈 버클 실리콘 스트랩,갤럭시 울트라 47mm,,,버클,,,,253
갤럭시 워치 울트라 호환 스트라이프 엣지 마그넷 링크 실리콘 스트랩,갤럭시 울트라 47mm,,,마그네틱,,https://heyjyu.github.io/spaceshied-catalog/images/10_15.jpg,,254
갤럭시 워치 울트라 2025 호환 스트라이프 엣지 마그넷 링크 실리콘 스트랩,갤럭시 울트라 47mm,,,마그네틱,,,,255
갤럭시 워치 울트라 호환 와이트릭 마그넷 링크 메탈 스트랩,갤럭시 울트라 47mm,,,마그네틱,,https://heyjyu.github.io/spaceshied-catalog/images/10_18.jpg,,256
갤럭시 워치 울트라 2025 호환 와이트릭 마그넷 링크 메탈 스트랩,갤럭시 울트라 47mm,,,마그네틱,,,,257
갤럭시 워치 울트라 호환 퍼포먼스 듀얼 컴파운드 프레스티지 실리콘 티타늄 스트랩,갤럭시 울트라 47mm,,,,,https://heyjyu.github.io/spaceshied-catalog/images/10_21.jpg,,258
갤럭시 워치 울트라 2025 호환 퍼포먼스 듀얼 컴파운드 프레스티지 실리콘 티타늄 스트랩,갤럭시 울트라 47mm,,,,,,,259
갤럭시 워치 울트라 호환 오션 마그네틱 버클 프레스티지 스테인리스 스트랩,갤럭시 울트라 47mm,,,마그네틱,,https://heyjyu.github.io/spaceshied-catalog/images/10_24.jpg,,260
갤럭시 워치 울트라 2025 호환 오션 마그네틱 버클 프레스티지 스테인리스 스트랩,갤럭시 울트라 47mm,,,마그네틱,,,,261
갤럭시 워치 울트라 호환 엑시엄 메탈 버클 실리콘 스트랩,갤럭시 울트라 47mm,,,버클,,https://heyjyu.github.io/spaceshied-catalog/images/10_27.jpg,,262
갤럭시 워치 울트라 2025 호환 엑시엄 메탈 버클 실리콘 스트랩,갤럭시 울트라 47mm,,,버클,,,,263
갤럭시 워치 울트라 호환 클리프 블랙 메탈 버클 실리콘 스트랩,갤럭시 울트라 47mm,,,,,,,264
갤럭시 워치 울트라 2025 호환 클리프 블랙 메탈 버클 실리콘 스트랩,갤럭시 울트라 47mm,,,,,,,265
갤럭시 워치 울트라 호환 프레임엑스 일체형 메탈 실리콘 스트랩,갤럭시 울트라 47mm,실리콘,,일체형,,,,266
갤럭시 워치 울트라 2025 호환 프레임엑스 일체형 메탈 실리콘 스트랩,갤럭시 울트라 47mm,,,일체형,,,,267
갤럭시워치 울트라 호환 디버클 마그네틱 스포티 실리콘 스트랩,갤럭시 울트라 47mm,실리콘,47mm,디버클(마그네틱),,,,268
갤럭시 위치 울트라 2025 호환 디버클 마그네틱 스포티 실리콘 스트랩,갤럭시 울트라 47mm,실리콘,47mm,디버클(마그네틱),,,,269
아머 플렉스 Privacy 사생활 보호 PC 강화유리 올인원 케이스,갤럭시 울트라 47mm,강화유리,47mm,,,,,270
PC 강화유리 올인원 케이스,갤럭시 울트라 47mm,강화유리,47mm,,,,,271
TPU 사이드 범퍼 케이스,갤럭시 울트라 47mm,TPU,47mm,,,,,272
탠저린 베젤 강화유리 일체형 올인원 케이스,갤럭시 울트라 47mm,강화유리,47mm,일체형,,,,273
갤럭시 워치 울트라 47mm 호환 강화유리 필름 3매,갤럭시 울트라 47mm,강화유리,47mm,,,,,274
갤럭시 워치 울트라 2025 47mm 호환 강화유리 필름 3매,갤럭시 울트라 47mm,,,,,,,275
갤럭시 워치 울트라 47mm 호환 TPU 필름 3매,갤럭시 울트라 47mm,TPU,47mm,,,,,276
갤럭시 워치 울트라 2025 47mm 호환 TPU 필름 3매,갤럭시 울트라 47mm,,,,,,,277
갤럭시 워치 울트라 47mm 호환 Privacy 사생활 필름 3매,갤럭시 울트라 47mm,사생활 강화유리,47mm,,,,,278
갤럭시 워치 울트라 2025 47mm 호환 Privacy 사생활 필름 3매,갤럭시 울트라 47mm,,,,,,,279
갤럭시 워치 울트라 47mm 호환 PMMA 필름 3매,갤럭시 울트라 47mm,PMMA,47mm,,,,,280
Privacy 사생활 필름 3매 PMMA 필름 3매,갤럭시 울트라 47mm,,,,,,,281
갤럭시 위치 울트라 호환 모던 패브릭 나일론 스트랩,갤럭시 울트라 47mm,패브릭,47mm,,,,,282
베이직 실리콘 스트랩 1P (스스 모음전 대표),갤럭시 핏3,실리콘,,,,,,283
베이직 실리콘 스트랩 2P,갤럭시 핏3,실리콘,,,,,,284
스포티 실리콘 스트랩,갤럭시 핏3,실리콘,,,,,,285
스포티 실리콘 스트랩 + TPU 범퍼 케이스,갤럭시 핏3,실리콘,,,,,,286
디버클 마그네틱 실리콘 스트랩,갤럭시 핏3,실리콘,,디버클(마그네틱),,,,287
펀치홀 실리콘 스트랩,갤럭시 핏3,실리콘,,,,,,288
소프트 마그넷 링크 실리콘 스트랩,갤럭시 핏3,실리콘,,마그네틱,,https://heyjyu.github.io/spaceshied-catalog/images/11_7.jpg,,289
듀오 매트 그레인 마그넷 링크 실리콘 스트랩,갤럭시 핏3,실리콘,,마그네틱,,,,290
매트 그레인 마그넷 링크 실리콘 스트랩,갤럭시 핏3,실리콘,,마그네틱,,,,291
오션 실리콘 스트랩,갤럭시 핏3,실리콘,,,,,,292
하이브리드 레더 실리콘 스트랩,갤럭시 핏3,실리콘,,,,,,293
디버클 마그네틱 메쉬홀 실리콘 스트랩,갤럭시 핏3,실리콘,,디버클(마그네틱),,,,294
일체형 컬러 실리콘 스트랩,갤럭시 핏3,실리콘,,일체형,,,,295
솔라 플립 일체형 스트랩,갤럭시 핏3,TPU,,일체형,,,,296
러기드 아머 일체형 스트랩,갤럭시 핏3,TPU,,일체형,,,,297
나토 스트랩,갤럭시 핏3,패브릭,,나토,,,,298
스포츠 루프 스트랩,갤럭시 핏3,패브릭,,스포츠루프,,,,299
스트레치 스트랩,갤럭시 핏3,패브릭,,,,,,300
트레일 나일론 스트랩,갤럭시 핏3,패브릭,,,,,,301
프리미엄 마그네틱 버클형 브레이드 스트랩,갤럭시 핏3,패브릭,,마그네틱,,,,302
마그네틱 버클 파스텔 브레이드 스트랩,갤럭시 핏3,패브릭,,마그네틱,,,,303
에어 슬로프 밸크로 패브릭 나일론 스트랩,갤럭시 핏3,,,벨크로,,https://heyjyu.github.io/spaceshied-catalog/images/11_22.jpg,,304
프리미엄 메탈 스트랩,갤럭시 핏3,메탈,,,,,,305
프리미엄 스틸 스트랩,갤럭시 핏3,메탈,,,,,,306
링크 브레이슬릿 스틸 스트랩,갤럭시 핏3,메탈,,,,,,307
쥬빌레 메탈 스트랩,갤럭시 핏3,메탈,,,,,,308
슬림 쥬빌레 메탈 스트랩,갤럭시 핏3,메탈,,,,,,309
체인 스틸 메탈 스트랩,갤럭시 핏3,메탈,,,,,,310
헤링본 큐빅 메탈 스트랩,갤럭시 핏3,메탈,,,,,,311
샤인 큐빅 메탈 스트랩,갤럭시 핏3,메탈,,,,,,312
샤인 큐빅 슬림 브레이슬릿,갤럭시 핏3,메탈,단일,,"실버,로즈골드",https://heyjyu.github.io/spaceshied-catalog/images/11_31.jpg,,313
큐빅 브레이슬릿 스트랩,갤럭시 핏3,메탈,,,,,,314
벨라 링크 레더 스트랩,갤럭시 핏3,가죽,,,,,,315
모던 레더 스트랩,갤럭시 핏3,가죽,,,,,,316
트위드 레더 스트랩,갤럭시 핏3,가죽,,,,,,317
T 버클형 모노 컬러 레더 스트랩,갤럭시 핏3,가죽,,버클,,,,318
디버클 마그네틱 그레인 레더 스트랩,갤럭시 핏3,가죽,,디버클(마그네틱),,,,319
핏3 호환 샤인큐빅 범퍼 케이스,갤럭시 핏3,PC,,,,,,320
범퍼 TPU 케이스,갤럭시 핏3,TPU,,,,,,321
풀커버 TPU 케이스,갤럭시 핏3,TPU,,,,,,322
올인원 PC 케이스,갤럭시 핏3,PC,,,,,,323
TPU 필름 3매,갤럭시 핏3,우레탄,,,,,,324
핏3 PMMA 필름 3매,갤럭시 핏3,PMMA,,,,,,325
핏3 충전케이블 1m USB-A타입,갤럭시 핏3,,,,,,,326
핏3 충전케이블 1m USB-C타입,갤럭시 핏3,,,,,,,327
갤럭시 핏3 호환 유니버셜 USB-A타입 충전 케이블,갤럭시 핏3,,,,,,,328
이지포트 포터블 충전기 + C타입 변환 젠더 + 미니 파우치,갤럭시 핏3,,,,,,,329
"갤럭시 핏3 호환 테크 아트 거치 스탠드 충전 크래들 1m, USB-A타입",갤럭시 핏3,,,,,,,330
날개형 웨이브 스티치 실리콘 스트랩 (*스트릿엣지 디자인),갤럭시 날개형 20mm,실리콘,20mm,,"블랙,미드나잇블루,화이트,실버,샌드핑크,스타라이트,오렌지,머스타드,스카이,카키,딥그레이,라벤더",,,331
날개형 '에어' 디버클 마그네틱 메쉬홀 실리콘 스트랩 (* 스트릿 엣지 스타일),갤럭시 날개형 20mm,실리콘,20mm,디버클(마그네틱),,,,332
날개형 소프트 마그넷 링크 실리콘 스트랩,갤럭시 날개형 20mm,실리콘,20mm,마그네틱,,,,333
날개형 마그넷 링크 실리콘 스트랩,갤럭시 날개형 20mm,실리콘,20mm,마그네틱,,,,334
날개형 익스트림 실리콘 스트랩,갤럭시 날개형 20mm,실리콘,20mm,,,,,335
날개형 스페이스핏 스틸 스트랩,갤럭시 날개형 20mm,메탈,20mm,,,,,336
날개형 메탈 스트랩,갤럭시 날개형 20mm,메탈,20mm,,,,,337
날개형 프리미엄 메탈 스트랩,갤럭시 날개형 20mm,메탈,20mm,,,,,338
날개형 프리미엄 버클 스틸 스트랩 20mm,갤럭시 날개형 20mm,메탈,,버클,,,,339
날개형 베이직 링크 브레이슬릿 스트랩,갤럭시 날개형 20mm,메탈,20mm,,,,,340
날개형 프리미엄 링크 브레이슬릿 스트랩,갤럭시 날개형 20mm,메탈,20mm,,,,,341
날개형 하이브리드 레더 실리콘 스트랩,갤럭시 날개형 20mm,가죽,20mm,,,https://heyjyu.github.io/spaceshied-catalog/images/14_12.jpg,,342
날개형 베이직 가죽 레더 스트랩,갤럭시 날개형 20mm,가죽,20mm,,,,,343
날개형 콘트라스트 마그네틱 실리콘 스트랩 20mm,갤럭시 날개형 20mm,실리콘,20mm,마그네틱,,,,344
날개형 듀얼 쉐이드 마그네틱 실리콘 스트랩 20mm,갤럭시 날개형 20mm,실리콘,20mm,마그네틱,,,,345
투톤 마린 오션 실리콘 스트랩,갤럭시 날개형 20mm,버클,20mm,,,,,346
원클릭 날개형 베이직 스틸 스트랩,갤럭시 원클릭 20mm,메탈,20mm,원클릭,"블랙,실버,로즈골드,로즈핑크",,,347
원클릭 날개형 프리미엄 스틸 스트랩,갤럭시 원클릭 20mm,메탈,20mm,원클릭,"블랙,실버,로즈골드,로즈핑크,티타늄",,,348
원클릭 날개형 가죽 스트랩,갤럭시 원클릭 20mm,가죽,20mm,원클릭,,,,349
원클릭 날개형 싱글 투어 레더 스트랩,갤럭시 원클릭 20mm,가죽,20mm,원클릭,,,,350
원클릭 날개형 디버클 슬림 레더 스트랩,갤럭시 원클릭 20mm,가죽,20mm,디버클(마그네틱),,,,351
원클릭 날개형 빈티지 가죽 스트랩,갤럭시 원클릭 20mm,가죽,20mm,원클릭,,,,352
원클릭 날개형 알파핏 실리콘 스트랩 (소진 시 단종 예정),갤럭시 원클릭 20mm,실리콘,20mm,원클릭,,,,353
원클릭 날개형 스포츠 실리콘 스트랩 (알파핏 보강품),갤럭시 원클릭 20mm,실리콘,20mm,원클릭,"블랙,실버, 다크그레이, 미드나잇블루, 스타라이트, 샌드핑크,피크닉민트, 옐로우,라이트퍼플",,,354
원클릭 날개형 다이나믹 실리콘 스트랩,갤럭시 원클릭 20mm,실리콘,20mm,원클릭,,,,355
원클릭 날개형 웨이브 스티치 실리콘 스트랩 20mm (*참고: 스트릿 엣지 디자인),갤럭시 원클릭 20mm,실리콘,20mm,원클릭,,,,356
원클릭 날개형 코도반 레더 가죽 스트랩,갤럭시 원클릭 20mm,가죽,20mm,원클릭,,,,357
스틸 스트랩,미밴드10/ 9 / 8,메탈,퀵릴리즈,,"블랙,실버 [추가컬러] 딥그레이, 골드,로즈골드,로즈핑크,스타라이트",https://heyjyu.github.io/spaceshied-catalog/images/16_2.jpg,,358
메탈 스트랩,미밴드10/ 9 / 8,메탈,퀵릴리즈,,"블랙,실버,로즈골드",https://heyjyu.github.io/spaceshied-catalog/images/16_3.jpg,,359
프리미엄 메탈 스트랩,미밴드10/ 9 / 8,메탈,퀵릴리즈,,"블랙, 실버, 골드, 로즈골드, 로즈핑크,샌드핑크, 라벤더, 레인보우, 딥그레이, 스타라이트, 스타라이트블루, 스타라이트그린, 로즈핑크퍼플, 민트코랄 🟩추가 등록 세라믹블루,,화이트,애쉬화이트",https://heyjyu.github.io/spaceshied-catalog/images/16_4.jpg,,360
체인 브레이슬릿 메탈 스트랩,미밴드10/ 9 / 8,메탈,퀵릴리즈,,"블랙,실버,로즈골드,로즈핑크,스타라이트",https://heyjyu.github.io/spaceshied-catalog/images/16_5.jpg,,361
비건 레더 싱글 체인 메탈 스트랩,미밴드10/ 9 / 8,가죽,퀵릴리즈,,블랙+블랙 실버+블랙 로즈골드+화이트 실버+화이트 *실버+베리핑크 *로즈골드+베리핑크,https://heyjyu.github.io/spaceshied-catalog/images/16_6.jpg,,362
일체형 투명 범퍼 케이스 밀레니즈 메탈 스트랩,미밴드10/ 9 / 8,메탈,일체형 메탈,일체형,-,https://heyjyu.github.io/spaceshied-catalog/images/16_7.jpg,,363
후크 패브릭 나일론 스트랩,미밴드10/ 9 / 8,패브릭,퀵릴리즈,,"블랙, 샌드화이트, 오렌지, 카키,베이지,크레용,",,,364
풀탭 스포츠루프 밸크로 패브릭 나일론 스트랩,미밴드10/ 9 / 8,패브릭,퀵릴리즈,벨크로,"블랙(리플렉티드블랙),포그그레이, 라이트그린, 파파야, 펄핑크, 민트, 로즈레드,네온핑크,밀크화이트, 팬텀실버,딥씨블루,블루카키, 메이지핑크, 메이지옐로우,애플민트, 커피브라운, 세레니티블루, 카모그린",https://heyjyu.github.io/spaceshied-catalog/images/16_9.jpg,,365
*Air Slope 에어 슬로프 밸크로 패브릭 나일론 스트랩,미밴드10/ 9 / 8,패브릭,퀵릴리즈,,"블랙,실버,미드나잇블루 블루,핑크,오렌지 샌드핑크,스카이,라벤더 버건디,카키,올리브 스타라이트",https://heyjyu.github.io/spaceshied-catalog/images/16_10.jpg,,366
모노 스포츠루프 스트랩,미밴드10/ 9 / 8,패브릭,퀵릴리즈,스포츠루프,"블랙, 스페이스블랙, 네온라임, 미드나잇블루, 알래스칸블루, 샌드핑크, 베이비핑크, 실버화이트, 레인보우, 레인보우B, 레드블랙, 비비드핑크, 케이프블루, 다크그린, 피스타치오, 비타민오렌지, 라임, 민트, 퍼플, 파파야",https://heyjyu.github.io/spaceshied-catalog/images/16_11.jpg,,367
모노 스포츠루프 스트랩 2P 세트 [블랙+00*],미밴드10/ 9 / 8,패브릭,퀵릴리즈,스포츠루프,"블랙 + 스페이스블랙 블랙 + 네온라임 블랙 + 미드나잇블루 블랙 + 알래스칸블루, 블랙 + 샌드핑크 블랙 + 베이비핑크 블랙 + 실버화이트 블랙 + 레인보우 블랙 + 레인보우B 블랙 + 레드블랙 블랙 + 비비드핑크 블랙 + 케이프블루 블랙 + 다크그린 블랙 + 피스타치오 블랙 + 비타민오렌지 블랙 + 라임 블랙 + 민트 블랙 + 퍼플 블랙 + 파파야",https://heyjyu.github.io/spaceshied-catalog/images/16_12.jpg,,368
프리미엄 모노 스포츠루프 스트랩,미밴드10/ 9 / 8,패브릭,퀵릴리즈,스포츠루프,"블랙, 실버화이트, 네이비핑크, 스톰그레이, 세레니티블루, 리플렉티드블랙, 네온핑크, 히비스커스, 밀크화이트, 펄핑크, 로즈레드, 케이프블루, 파파야, 메이지옐로우, 메이지핑크, 블루카키, 레인보우B 라이트그린, 오렌지, 포그그레이,투톤그린, 투톤실버,커피브라운,투톤딥블루,카모그린 세이지민트",https://heyjyu.github.io/spaceshied-catalog/images/16_13.jpg,,369
브레이드 솔로 루프 밴드 스트랩 (3사이즈),미밴드10/ 9 / 8,패브릭,퀵릴리즈,일체형,"블랙, 레드, 블루, 카키, 핑크, 스타라이트블랙, 샤이닝블랙, 인디고, 레인보우",https://heyjyu.github.io/spaceshied-catalog/images/16_14.jpg,,370
프리미엄 마그네틱 브레이드 스트랩,미밴드10/ 9 / 8,패브릭,퀵릴리즈,마그네틱,"블랙, 딥그레이, 스타라이트블랙, 샌드핑크, 베이비핑크, 스타라이트, 오렌지, 카키, 레드블랙, 화이트핑크, 화이트블랙, 샤이닝블랙, 레인보우, 레인보우B, 레인보우블랙, 인디고 ★라이트버건디,★샌드버건디,★샌드그린",https://heyjyu.github.io/spaceshied-catalog/images/16_15.jpg,,371
마그네틱 브레이드 스트랩,미밴드10/ 9 / 8,패브릭,퀵릴리즈,마그네틱,"블랙,스타라이트,스타포인트,체리블러썸,라이트버건디,다크그린,스타라이트블랙,샤이닝블랙,레인보우,인디고",https://heyjyu.github.io/spaceshied-catalog/images/16_16.jpg,,372
스트래치 나일론 스트랩,미밴드10/ 9 / 8,패브릭,퀵릴리즈,,"블랙,미드나잇블루,다크그레이, 스타라이트, 라즈베리,버건디, 코코아, 카키,에메랄드그린 핑크, 스카이, 화이트",https://heyjyu.github.io/spaceshied-catalog/images/16_17.jpg,,373
나토 나일론 웨빙 스트랩,미밴드10/ 9 / 8,패브릭,퀵릴리즈,나토,"블랙, 그레이, 스타라이트 옐로우, 핑크, 블루, 카키",https://heyjyu.github.io/spaceshied-catalog/images/16_18.jpg,,374
버클 브레이드 스트랩,미밴드10/ 9 / 8,패브릭,퀵릴리즈,브레이드,"다크그레이,샌드핑크,다크그린, 샤이닝블랙,레인보우,레인보우B, 레인보우블랙,스타라이트",https://heyjyu.github.io/spaceshied-catalog/images/16_19.jpg,,375
스포티 실리콘 스트랩 1P,미밴드10/ 9 / 8,실리콘,퀵릴리즈,,"블랙옐로우, 블랙그레이, 블랙화이트, 블랙레드, 블랙블루, 네이비화이트, 올리브화이트, 민트화이트",https://heyjyu.github.io/spaceshied-catalog/images/16_20.jpg,,376
스포티 실리콘 스트랩 2P 세트,미밴드10/ 9 / 8,실리콘,퀵릴리즈,,블랙화이트+블랙그레이 블랙화이트+블랙블루 블랙화이트+블랙레드 블랙화이트+블랙옐로우 블랙화이트+네이비화이트 블랙화이트+올리브화이트 블랙화이트+민트화이트,,,377
베이직 실리콘 스트랩 1P,미밴드10/ 9 / 8,실리콘,퀵릴리즈,,"블랙,미드나잇블루,화이트,그레이,오렌지,레드, 다크그린,민트,블루,샌드핑크,스카이,라벤더",https://heyjyu.github.io/spaceshied-catalog/images/16_22.jpg,,378
베이직 실리콘 스트랩 2P 세트,미밴드10/ 9 / 8,실리콘,퀵릴리즈,,블랙+화이트 미드나잇블루+다크그린 샌드핑크+화이트 오렌지+블루 다크그린+화이트 오렌지+스카이 라벤더+민트 그레이+스카이,https://heyjyu.github.io/spaceshied-catalog/images/16_23.jpg,,379
디버클 마그네틱 메쉬홀 실리콘 스트랩,미밴드10/ 9 / 8,실리콘,퀵릴리즈,디버클(마그네틱),"블랙, 실버, 미드나잇블루 스카이, 핑크, 라벤더 오렌지, 버건디, 브라운 라임, 화이트, 스타라이트",https://heyjyu.github.io/spaceshied-catalog/images/16_24.jpg,,380
소프트 마그넷 링크 실리콘 스트랩,미밴드10/ 9 / 8,실리콘,퀵릴리즈,마그네틱,"블랙오렌지, 네이비블루, 버건디블랙, 그레이오렌지, 스타라이트오렌지, 핑크오렌지, 핑크스카이, 스카이스타라이트, 베이지그레이, 화이트블랙",https://heyjyu.github.io/spaceshied-catalog/images/16_25.jpg,,381
마그넷 링크 실리콘 스트랩,미밴드10/ 9 / 8,실리콘,퀵릴리즈,마그네틱,"화이트블랙, 블랙오렌지,네이비블루, 샌드핑크스카이, 스타라이트오렌지, 스타라이트샌드핑크, 스카이스타라이트, 민트스타라이트, 딥핑크스타라이트, 스타라이트, 핫핑크, 라벤더",https://heyjyu.github.io/spaceshied-catalog/images/16_26.jpg,,382
듀오 매트 그레인 마그넷 링크 실리콘 스트랩,미밴드10/ 9 / 8,실리콘,퀵릴리즈,마그네틱,,https://heyjyu.github.io/spaceshied-catalog/images/16_27.jpg,,383
매트 그레인 마그넷 링크 실리콘 스트랩,미밴드10/ 9 / 8,실리콘,퀵릴리즈,마그네틱,"블랙, 블랙오렌지, 오렌지블랙, 미드나잇블루, 다크그레이, 카키블랙, 스타라이트, 스타오렌지, 스타스카이, 샌드스타라이트, 화이트, 라임",https://heyjyu.github.io/spaceshied-catalog/images/16_28.jpg,,384
러기드 아머 일체형 실리콘 스트랩 (*2025 신규),미밴드10/ 9 / 8,실리콘,일체형,일체형,"블랙그레이,블랙레드,블랙민트 미드나잇그레이,그린그레이,버건디그레이 오렌지그레이,옐로우화이트,스카이화이트 화이트블랙",https://heyjyu.github.io/spaceshied-catalog/images/16_29.jpg,,385
스트릿 엣지 실리콘 스트랩,미밴드10/ 9 / 8,실리콘,퀵릴리즈,,"블랙,미드나잇블루,화이트 오렌지, 스카이,샌드핑크 실버, 딥그레이, 카키 스타라이트",https://heyjyu.github.io/spaceshied-catalog/images/16_30.jpg,,386
클리어 젤리 TPU 일체형 스트랩,미밴드10/ 9 / 8,TPU,일체형,일체형,"투명,블랙,핑크, 옐로우,그린,민트 퍼플",https://heyjyu.github.io/spaceshied-catalog/images/16_31.jpg,,387
미밴드 8 올인원 케이스 (9에서는 러기드임) 미밴드 9 올인원 케이스 (8과 디자인 다름),미밴드10/ 9 / 8,PC,케이스,,"블랙,미드나잇블루,투명,샌드핑크,화이트,다크그린",https://heyjyu.github.io/spaceshied-catalog/images/16_32.jpg,,388
미밴드 10 올인원 케이스 (* 단독 호환),미밴드10/ 9 / 8,PC,,,"블랙,미드나잇블루, 투명, 샌드핑크,화이트, 다크그린,스타라이트",https://heyjyu.github.io/spaceshied-catalog/images/16_33.jpg,,389
러기드 스포츠 강화유리 일체형 케이스 (*9 호환),미밴드10/ 9 / 8,PC,케이스,일체형,"블랙, 미드나잇블루,샌드핑크, 스카이, 알파인그린 스타라이트,투명",,,390
러기드 스포츠 강화유리 PC 하드 케이스 (*10호환),미밴드10/ 9 / 8,PC,케이스,,"*10부터 다크그린 삭제* 블랙, 미드나잇블루,샌드핑크, 스카이, 알파인그린 스타라이트,투명",https://heyjyu.github.io/spaceshied-catalog/images/16_35.jpg,,391
TPU 풀커버 케이스 (*8~9),미밴드10/ 9 / 8,TPU,케이스,,"투명,블랙,스타라이트 로즈핑크,블루,알파인그린",https://heyjyu.github.io/spaceshied-catalog/images/16_36.jpg,,392
TPU 풀커버 케이스 (*10 단독 호환),미밴드10/ 9 / 8,TPU,케이스,,"블랙,실버,골드 로즈골드,로즈핑크,투명",https://heyjyu.github.io/spaceshied-catalog/images/16_37.jpg,,393
샤인 큐빅 범퍼 케이스,미밴드10/ 9 / 8,PC,케이스,,"투명,블랙,실버,로즈골드,스타라이트",https://heyjyu.github.io/spaceshied-catalog/images/16_38.jpg,,394
미밴드 10 네코 블링 캣,미밴드10/ 9 / 8,PC,케이스,,,https://heyjyu.github.io/spaceshied-catalog/images/16_39.jpg,,395
미밴드 9 네코 블링 캣,미밴드10/ 9 / 8,PC,케이스,,,https://heyjyu.github.io/spaceshied-catalog/images/16_40.jpg,,396
아머 플렉스 PMMA 필름 3매,미밴드10/ 9 / 8,PMMA,필름,,투명,https://heyjyu.github.io/spaceshied-catalog/images/16_41.jpg,,397
아머 플렉스 TPU 우레탄 자가복원 풀커버 필름 3매,미밴드10/ 9 / 8,TPU,필름,,투명,,,398
미밴드 시리즈 호환 스탠다드 분실방지 거치 논슬립 실리콘 클립 2P SET,미밴드10/ 9 / 8,실리콘,클립,,블랙 + 블랙 미드나잇블루 + 블랙 오렌지 + 블랙,https://heyjyu.github.io/spaceshied-catalog/images/16_43.jpg,,399
샤오미 미밴드 10 호환 충전 케이블 1m USB-A타입 충전 케이블 1m 시트 참고,미밴드10/ 9 / 8,-,충전 용품,,"화이트,블랙",https://heyjyu.github.io/spaceshied-catalog/images/16_44.jpg,,400
샤오미 미밴드 10 호환 테크아트 거치 스탠드 충전 크래들 1m USB-A타입 테크 아트 충전 크래들 시트 참고,미밴드10/ 9 / 8,-,충전 용품,,블랙,https://heyjyu.github.io/spaceshied-catalog/images/16_45.jpg,,401
오션 실리콘 스트랩,미밴드10/ 9 / 8,실리콘,퀵릴리즈,,,https://heyjyu.github.io/spaceshied-catalog/images/16_46.jpg,,402
샤오미 미밴드 10 호환 스틸 스트랩 + 올인원 PC 강화유리 케이스 2in1 세트,미밴드10 SET,,55*190*17,,블랙+블랙 실버+투명,,,403
샤오미 미밴드 10 호환 프리미엄 메탈 스트랩 + 올인원 PC 강화유리 케이스 2in1 세트,미밴드10 SET,,55*190*17,,블랙+블랙 실버+투명 스타라이트 + 스타라이트,https://heyjyu.github.io/spaceshied-catalog/images/17_2.jpg,,404
샤오미 미밴드 10 호환 체인 브레이슬릿 메탈 스트랩 + 샤인 큐빅 범퍼 케이스 2in1 세트,미밴드10 SET,,55*190*17,,",블랙 + 블랙 ,실버 + 실버 ,로즈골드 + 로즈골드 ,스타라이트 + 스타라이트",https://heyjyu.github.io/spaceshied-catalog/images/17_3.jpg,,405
샤오미 미밴드 10 호환 프리미엄 모노 스포츠루프 스트랩 + 풀커버 케이스 2in1 세트,미밴드10 SET,,55*190*17,스포츠루프,"블랙+블랙, 리플렉티드블랙+블랙, 케이프블루+투명, 네이비핑크+투명, 파파야+투명, 실버화이트+투명, 밀크화이트+투명, 펄핑크+투명, 레인보우B+투명,",https://heyjyu.github.io/spaceshied-catalog/images/17_4.jpg,,406
샤오미 미밴드 10 호환 마그네틱 브레이드 스트랩 + 올인원 PC 강화유리 투명 케이스 2in1 세트,미밴드10 SET,,55*190*17,마그네틱,"* 올인원 투명으로 통일 * 블랙+투명, 스타라이트+투명, 스타포인트+투명, 체리블러썸+투명, 라이트버건디+투명, 다크그린+투명, 스타라이트블랙+투명, 샤이닝블랙+투명, 레인보우+투명, 인디고+투명",https://heyjyu.github.io/spaceshied-catalog/images/17_5.jpg,,407
샤오미 미밴드 10 호환 베이직 실리콘 스트랩 + 풀커버 케이스 2in1 세트,미밴드10 SET,,55*190*17,,"블랙+블랙 미드나잇블루+투명, 화이트+투명, 샌드핑크+로즈핑크 다크그린+투명 스카이+투명 그레이+투명, 오렌지+투명, 레드+투명, 민트+투명, 블루+투명, 라벤더+투명",https://heyjyu.github.io/spaceshied-catalog/images/17_6.jpg,,408
샤오미 미밴드 10 호환 스포티 실리콘 스트랩 + 올인원 PC 강화유리 케이스 2in1 세트,미밴드10 SET,,55*190*17,,"블랙화이트+블랙, 블랙그레이+블랙, 블랙레드+블랙, 블랙옐로우+블랙, 블랙블루+블랙, 네이비화이트+투명, 올리브화이트+투명, 민트화이트+투명,",https://heyjyu.github.io/spaceshied-catalog/images/17_7.jpg,,409
샤오미 미밴드 10 호환 에어슬로프 밸크로 나일론 패브릭 스트랩 + 올인원 PC 강화유리 투명 케이스 2in1 세트,미밴드10 SET,,55*190*17,,"블랙+투명 , 실버+투명, 미드나잇블루+투명, 오렌지+투명, 샌드핑크+투명, 라벤더+투명 카키,+투명 올리브+투명 스타라이트+투명",https://heyjyu.github.io/spaceshied-catalog/images/17_8.jpg,,410
샤오미 미밴드 10 호환 비건 레더 싱글 체인 메탈 스트랩 + 올인원 PC 강화유리 투명 케이스 2in1 세트,미밴드10 SET,,55*190*17,,블랙&블랙+투명 실버&블랙+투명 로즈골드&화이트+투명 실버&화이트+투명 실버&베리핑크+투명 로즈골드&베리핑크+투명,https://heyjyu.github.io/spaceshied-catalog/images/17_9.jpg,,411
어메이즈핏 티렉스 호환 베이직 버클 실리콘 스트랩 (*티렉스 1),티렉스 라인업,실리콘,티렉스 전용,버클,,https://heyjyu.github.io/spaceshied-catalog/images/20_2.jpg,,412
어메이즈핏 티렉스 3 호환 스탠다드 투톤 실리콘 스트랩,티렉스 라인업,실리콘,티렉스 3 전용,,,https://heyjyu.github.io/spaceshied-catalog/images/20_3.jpg,,413
어메이즈핏 티렉스 3 호환 스탠다드 버클 실리콘 스트랩,티렉스 라인업,실리콘,티렉스 3 전용,버클,,https://heyjyu.github.io/spaceshied-catalog/images/20_4.jpg,,414
어메이즈핏 티렉스 3 프로 48mm 호환 스탠다드 버클 실리콘 스트랩,티렉스 라인업,실리콘,티렉스 3 프로 48mm 전용,버클,,https://heyjyu.github.io/spaceshied-catalog/images/20_5.jpg,,415
어메이즈핏 티렉스 3 프로 44mm 호환 스탠다드 버클 실리콘 스트랩,티렉스 라인업,실리콘,티렉스 3 프로 44mm 전용,버클,,https://heyjyu.github.io/spaceshied-catalog/images/20_6.jpg,,416
베이직 실리콘 스트랩,보이스캐디 Gift SET,실리콘,22mm,,,https://heyjyu.github.io/spaceshied-catalog/images/22_2.jpg,,417
버튼 베이직 실리콘 스트랩,보이스캐디 Gift SET,실리콘,22mm,버튼,,https://heyjyu.github.io/spaceshied-catalog/images/22_3.jpg,,418
버튼형 스포티 스트랩,보이스캐디 Gift SET,실리콘,22mm,버튼,,https://heyjyu.github.io/spaceshied-catalog/images/22_4.jpg,,419
디버클 마그네틱 스포티 실리콘 스트랩,보이스캐디 Gift SET,실리콘,22mm,디버클(마그네틱),,https://heyjyu.github.io/spaceshied-catalog/images/22_5.jpg,,420
어반 실리콘 스트랩,보이스캐디 Gift SET,실리콘,22mm,,,https://heyjyu.github.io/spaceshied-catalog/images/22_6.jpg,,421
디버클 마그네틱 실리콘 스트랩,보이스캐디 Gift SET,실리콘,22mm,디버클(마그네틱),,https://heyjyu.github.io/spaceshied-catalog/images/22_7.jpg,,422
펀칭 실리콘 스트랩,보이스캐디 Gift SET,실리콘,22mm,,,https://heyjyu.github.io/spaceshied-catalog/images/22_8.jpg,,423
와플 패턴 실리콘 스트랩,보이스캐디 Gift SET,실리콘,22mm,,,https://heyjyu.github.io/spaceshied-catalog/images/22_9.jpg,,424
스트릿 엣지 실리콘 스트랩,보이스캐디 Gift SET,실리콘,22mm,,,https://heyjyu.github.io/spaceshied-catalog/images/22_10.jpg,,425
소프트 마그넷 링크 실리콘 스트랩,보이스캐디 Gift SET,실리콘,22mm,마그네틱,,https://heyjyu.github.io/spaceshied-catalog/images/22_11.jpg,,426
디버클 블랜드 투톤 실리콘 스트랩,보이스캐디 Gift SET,실리콘,22mm,디버클(마그네틱),,https://heyjyu.github.io/spaceshied-catalog/images/22_12.jpg,,427
디버클 오션 실리콘 스트랩,보이스캐디 Gift SET,실리콘,22mm,디버클(마그네틱),,https://heyjyu.github.io/spaceshied-catalog/images/22_13.jpg,,428
모노 스포츠루프 스트랩,보이스캐디 Gift SET,패브릭,22mm,스포츠루프,,https://heyjyu.github.io/spaceshied-catalog/images/22_14.jpg,,429
브레이드 스트랩,보이스캐디 Gift SET,패브릭,22mm,브레이드,,https://heyjyu.github.io/spaceshied-catalog/images/22_15.jpg,,430
마그넷 브레이드,보이스캐디 Gift SET,패브릭,22mm,마그네틱,,https://heyjyu.github.io/spaceshied-catalog/images/22_16.jpg,,431
버클 브레이드 스트랩,보이스캐디 Gift SET,패브릭,22mm,브레이드,,https://heyjyu.github.io/spaceshied-catalog/images/22_17.jpg,,432
마그넷 루프 스트랩,보이스캐디 Gift SET,패브릭,22mm,마그네틱,,https://heyjyu.github.io/spaceshied-catalog/images/22_18.jpg,,433
니트 스트랩,보이스캐디 Gift SET,패브릭,22mm,,,https://heyjyu.github.io/spaceshied-catalog/images/22_19.jpg,,434
스트래치 나일론 스트랩,보이스캐디 Gift SET,패브릭,22mm,,,https://heyjyu.github.io/spaceshied-catalog/images/22_20.jpg,,435
풀텝 스포츠루프,보이스캐디 Gift SET,패브릭,22mm,스포츠루프,,https://heyjyu.github.io/spaceshied-catalog/images/22_21.jpg,,436
후크형 트레일 패브릭 나일론 스트랩,보이스캐디 Gift SET,패브릭,22mm,,,https://heyjyu.github.io/spaceshied-catalog/images/22_22.jpg,,437
메탈 스트랩,보이스캐디 Gift SET,메탈,22mm,,,https://heyjyu.github.io/spaceshied-catalog/images/22_23.jpg,,438
(버클) 슬림 메탈 스트랩,보이스캐디 Gift SET,메탈,22mm,버클,,https://heyjyu.github.io/spaceshied-catalog/images/22_24.jpg,,439
일반형 디버클 마그네틱 메탈 스트랩,보이스캐디 Gift SET,메탈,22mm,디버클(마그네틱),,https://heyjyu.github.io/spaceshied-catalog/images/22_25.jpg,,440
스틸 스트랩,보이스캐디 Gift SET,메탈,22mm,,,https://heyjyu.github.io/spaceshied-catalog/images/22_26.jpg,,441
슬림 스틸 스트랩,보이스캐디 Gift SET,메탈,22mm,,,https://heyjyu.github.io/spaceshied-catalog/images/22_27.jpg,,442
쥬빌레 스트랩,보이스캐디 Gift SET,메탈,22mm,,,https://heyjyu.github.io/spaceshied-catalog/images/22_28.jpg,,443
체인 스틸 스트랩,보이스캐디 Gift SET,메탈,22mm,,,https://heyjyu.github.io/spaceshied-catalog/images/22_29.jpg,,444
싱글 체인 레더 스트랩,보이스캐디 Gift SET,가죽,22mm,,,https://heyjyu.github.io/spaceshied-catalog/images/22_30.jpg,,445
레더 체인 스틸 스트랩,보이스캐디 Gift SET,가죽,22mm,,,https://heyjyu.github.io/spaceshied-catalog/images/22_31.jpg,,446
샤인 큐빅 메탈 스트랩,보이스캐디 Gift SET,메탈,22mm,,,https://heyjyu.github.io/spaceshied-catalog/images/22_32.jpg,,447
샤인 큐빅 트리플 스트랩,보이스캐디 Gift SET,메탈,22mm,,,https://heyjyu.github.io/spaceshied-catalog/images/22_33.jpg,,448
샤인 큐빅 슬림 브레이슬릿 스트랩,보이스캐디 Gift SET,가죽,22mm,,,https://heyjyu.github.io/spaceshied-catalog/images/22_34.jpg,,449
싱글 투어 레더 스트랩,보이스캐디 Gift SET,가죽,22mm,,,https://heyjyu.github.io/spaceshied-catalog/images/22_35.jpg,,450
슬림 레더 스트랩,보이스캐디 Gift SET,가죽,22mm,,,https://heyjyu.github.io/spaceshied-catalog/images/22_36.jpg,,451
빈티지 레더 스트랩,보이스캐디 Gift SET,가죽,22mm,,,https://heyjyu.github.io/spaceshied-catalog/images/22_37.jpg,,452
마그네틱 디버클 슬림 레더 스트랩,보이스캐디 Gift SET,가죽,22mm,디버클(마그네틱),,https://heyjyu.github.io/spaceshied-catalog/images/22_38.jpg,,453
코도반,보이스캐디 Gift SET,가죽,22mm,,,https://heyjyu.github.io/spaceshied-catalog/images/22_39.jpg,,454
컴포트핏 버클 나일론 실리콘 스트랩 22mm (*가제),보이스캐디 Gift SET,나일론,22mm,버클,,https://heyjyu.github.io/spaceshied-catalog/images/22_40.jpg,,455
컴포트핏 디버클 나일론 실리콘 스트랩 22mm (*가제),보이스캐디 Gift SET,나일론,22mm,디버클(마그네틱),,https://heyjyu.github.io/spaceshied-catalog/images/22_41.jpg,,456
모노핏 프리미엄 마그네틱 버클 나일론 스트랩,보이스캐디 Gift SET,나일론,22mm,마그네틱,,https://heyjyu.github.io/spaceshied-catalog/images/22_42.jpg,,457
브리즈 포우 레더 스트랩,보이스캐디 Gift SET,가죽,22mm,,,https://heyjyu.github.io/spaceshied-catalog/images/22_43.jpg,,458
에어 위브 프리미엄 마그네틱 버클 나일론 스트랩,보이스캐디 Gift SET,나일론,22mm,마그네틱,,https://heyjyu.github.io/spaceshied-catalog/images/22_44.jpg,,459
에어 슬로프 밸크로 패브릭 나일론 스트랩,보이스캐디 Gift SET,패브릭,22mm,벨크로,,https://heyjyu.github.io/spaceshied-catalog/images/22_45.jpg,,460
러너 스피드 실리콘 스트랩,보이스캐디 Gift SET,실리콘,22mm,,,https://heyjyu.github.io/spaceshied-catalog/images/22_46.jpg,,461
포우 레더 메탈 버클 마그넷 링크 스트랩 22mm,보이스캐디 Gift SET,가죽,22mm,마그네틱,,https://heyjyu.github.io/spaceshied-catalog/images/22_47.jpg,,462
에어핏 스포츠 버튼 투톤 실리콘 스트랩,보이스캐디 Gift SET,실리콘,22mm,버튼,,https://heyjyu.github.io/spaceshied-catalog/images/22_48.jpg,,463
크로코 클래식 포우 레더 스트랩,보이스캐디 Gift SET,가죽,22mm,,,https://heyjyu.github.io/spaceshied-catalog/images/22_49.jpg,,464
투톤 베이직 실리콘 스트랩,보이스캐디 Gift SET,실리콘,22mm,,,https://heyjyu.github.io/spaceshied-catalog/images/22_50.jpg,,465
퓨어 글리터 젤리 투명 스트랩 22mm,보이스캐디 Gift SET,TPU,22mm,,,https://heyjyu.github.io/spaceshied-catalog/images/22_51.jpg,,466
스퍼트 투톤 버클 실리콘 스트랩 22mm,보이스캐디 Gift SET,실리콘,22mm,버클,,https://heyjyu.github.io/spaceshied-catalog/images/22_52.jpg,,467
플렉서블 링크 브레이슬릿 스틸 스트랩 22mm,보이스캐디 Gift SET,스틸,22mm,,,https://heyjyu.github.io/spaceshied-catalog/images/22_53.jpg,,468
후크 투톤 패브릭 나일론 스트랩 22mm (*구 알파인루프 디자인),보이스캐디 Gift SET,패브릭,22mm,루프,,https://heyjyu.github.io/spaceshied-catalog/images/22_54.jpg,,469
듀얼 쉐이드 마그네틱 실리콘 스트랩 22mm,보이스캐디 Gift SET,실리콘,22mm,마그네틱,,https://heyjyu.github.io/spaceshied-catalog/images/22_55.jpg,,470
오션 실리콘 스트랩 22mm,보이스캐디 Gift SET,실리콘,22mm,,,https://heyjyu.github.io/spaceshied-catalog/images/22_56.jpg,,471
런 스플릿 실리콘 스트랩 22mm,보이스캐디 Gift SET,실리콘,22mm,,,https://heyjyu.github.io/spaceshied-catalog/images/22_57.jpg,,472
에어그리드 애슬레틱 버튼 실리콘 스트랩 22mm,보이스캐디 Gift SET,실리콘,22mm,버튼,,https://heyjyu.github.io/spaceshied-catalog/images/22_58.jpg,,473
버티컬 그리드 애슬레틱 실리콘 스트랩 22mm,보이스캐디 Gift SET,실리콘,22mm,,,https://heyjyu.github.io/spaceshied-catalog/images/22_59.jpg,,474
플렉스 니트 하이브리드 버클 나일론 실리콘 스트랩 22mm,보이스캐디 Gift SET,하이브리드,22mm,버클,,https://heyjyu.github.io/spaceshied-catalog/images/22_60.jpg,,475
데님 스티치 하이브리드 디버클 나일론 실리콘 스트랩 22mm,보이스캐디 Gift SET,하이브리드,22mm,디버클(마그네틱),,https://heyjyu.github.io/spaceshied-catalog/images/22_61.jpg,,476
매트 그레인 마그넷 링크 실리콘 스트랩 22mm,보이스캐디 Gift SET,실리콘,22mm,마그네틱,,https://heyjyu.github.io/spaceshied-catalog/images/22_62.jpg,,477
멜로우 플레인 버클 TPU 젤리 스트랩 22mm,보이스캐디 Gift SET,TPU,22mm,버클,,https://heyjyu.github.io/spaceshied-catalog/images/22_63.jpg,,478
듀오 매트 그레인 마그넷 링크 실리콘 스트랩 22mm,보이스캐디 Gift SET,실리콘,22mm,마그네틱,,https://heyjyu.github.io/spaceshied-catalog/images/22_64.jpg,,479
블로키 메탈 버클 실리콘 스트랩 22mm,보이스캐디 Gift SET,실리콘,22mm,버클,,https://heyjyu.github.io/spaceshied-catalog/images/22_65.jpg,,480
매시브 메탈 버클 실리콘 스트랩 22mm,보이스캐디 Gift SET,실리콘,22mm,버클,,https://heyjyu.github.io/spaceshied-catalog/images/22_66.jpg,,481
